#
# TABLE STRUCTURE FOR: Chat
#

DROP TABLE IF EXISTS `Chat`;

CREATE TABLE `Chat` (
  `idChat` int(11) NOT NULL AUTO_INCREMENT,
  `message` varchar(45) COLLATE utf8mb4_unicode_ci NOT NULL,
  `date` date NOT NULL,
  PRIMARY KEY (`idChat`)
) ENGINE=InnoDB AUTO_INCREMENT=101 DEFAULT CHARSET=utf8mb4 COLLATE=utf8mb4_unicode_ci;

INSERT INTO `Chat` (`idChat`, `message`, `date`) VALUES (1, 'Aliquid doloremque officiis corrupti rerum. V', '1993-01-08');
INSERT INTO `Chat` (`idChat`, `message`, `date`) VALUES (2, 'Quis et quo et. Aspernatur explicabo dolorem ', '1987-01-19');
INSERT INTO `Chat` (`idChat`, `message`, `date`) VALUES (3, 'Aliquid non rerum qui culpa accusamus nostrum', '1984-03-24');
INSERT INTO `Chat` (`idChat`, `message`, `date`) VALUES (4, 'Omnis ex tempore quas laboriosam aspernatur m', '1974-05-24');
INSERT INTO `Chat` (`idChat`, `message`, `date`) VALUES (5, 'Quasi aliquam itaque veritatis rerum corporis', '1981-05-07');
INSERT INTO `Chat` (`idChat`, `message`, `date`) VALUES (6, 'Facere rerum deleniti expedita voluptatum eli', '1999-04-08');
INSERT INTO `Chat` (`idChat`, `message`, `date`) VALUES (7, 'Illum dolore aspernatur ea deleniti accusanti', '2022-04-07');
INSERT INTO `Chat` (`idChat`, `message`, `date`) VALUES (8, 'Quo minima ipsum accusamus sit beatae sequi. ', '1984-02-19');
INSERT INTO `Chat` (`idChat`, `message`, `date`) VALUES (9, 'Provident tenetur id accusamus cupiditate. Am', '2018-03-08');
INSERT INTO `Chat` (`idChat`, `message`, `date`) VALUES (10, 'Velit esse ullam aut a quis ullam. Veritatis ', '2000-06-30');
INSERT INTO `Chat` (`idChat`, `message`, `date`) VALUES (11, 'Sunt nesciunt id blanditiis accusantium accus', '1981-12-01');
INSERT INTO `Chat` (`idChat`, `message`, `date`) VALUES (12, 'Molestiae a id aspernatur eum. Aut incidunt q', '1980-01-28');
INSERT INTO `Chat` (`idChat`, `message`, `date`) VALUES (13, 'Blanditiis sit explicabo non ipsa. Inventore ', '2020-12-30');
INSERT INTO `Chat` (`idChat`, `message`, `date`) VALUES (14, 'Et alias aut aut exercitationem sit et. Qui a', '1989-08-28');
INSERT INTO `Chat` (`idChat`, `message`, `date`) VALUES (15, 'Veritatis provident enim quam aliquam est. Vo', '2004-03-11');
INSERT INTO `Chat` (`idChat`, `message`, `date`) VALUES (16, 'Excepturi voluptates rerum enim illo. Sed por', '1976-04-04');
INSERT INTO `Chat` (`idChat`, `message`, `date`) VALUES (17, 'Ab sequi officiis nemo id voluptatem ut sed. ', '1986-11-23');
INSERT INTO `Chat` (`idChat`, `message`, `date`) VALUES (18, 'Quo dolores alias esse dolorum. Qui quis quod', '1979-01-12');
INSERT INTO `Chat` (`idChat`, `message`, `date`) VALUES (19, 'Perferendis aut iusto nihil porro sint eligen', '1988-10-06');
INSERT INTO `Chat` (`idChat`, `message`, `date`) VALUES (20, 'Dolorem excepturi rerum reiciendis nihil. Sin', '1980-06-14');
INSERT INTO `Chat` (`idChat`, `message`, `date`) VALUES (21, 'Ipsa porro ducimus non. Dignissimos maiores n', '2011-06-07');
INSERT INTO `Chat` (`idChat`, `message`, `date`) VALUES (22, 'Dolorem maxime est facere et deserunt. Simili', '2022-09-18');
INSERT INTO `Chat` (`idChat`, `message`, `date`) VALUES (23, 'Illo alias veritatis aut adipisci a qui sed. ', '2014-02-19');
INSERT INTO `Chat` (`idChat`, `message`, `date`) VALUES (24, 'Necessitatibus est voluptatum similique et au', '1996-11-15');
INSERT INTO `Chat` (`idChat`, `message`, `date`) VALUES (25, 'Eius voluptatem eum sed quisquam unde quasi d', '1990-02-01');
INSERT INTO `Chat` (`idChat`, `message`, `date`) VALUES (26, 'Incidunt aut hic sit eum voluptas temporibus ', '2011-06-07');
INSERT INTO `Chat` (`idChat`, `message`, `date`) VALUES (27, 'Beatae possimus ut inventore aspernatur aliqu', '1996-08-26');
INSERT INTO `Chat` (`idChat`, `message`, `date`) VALUES (28, 'Repudiandae alias totam tempora ad. Quaerat i', '1975-12-04');
INSERT INTO `Chat` (`idChat`, `message`, `date`) VALUES (29, 'Commodi dolor molestias culpa molestias. Quo ', '2012-02-08');
INSERT INTO `Chat` (`idChat`, `message`, `date`) VALUES (30, 'Accusamus quisquam consequatur repellendus si', '2004-01-17');
INSERT INTO `Chat` (`idChat`, `message`, `date`) VALUES (31, 'Ea aut perspiciatis recusandae aspernatur. Vo', '1998-07-21');
INSERT INTO `Chat` (`idChat`, `message`, `date`) VALUES (32, 'Magnam perspiciatis cumque sit ut quisquam sa', '2018-06-21');
INSERT INTO `Chat` (`idChat`, `message`, `date`) VALUES (33, 'Voluptas deserunt eos sunt perferendis. Qui i', '1977-08-13');
INSERT INTO `Chat` (`idChat`, `message`, `date`) VALUES (34, 'Quos sint quam quia sed possimus itaque facil', '2004-07-10');
INSERT INTO `Chat` (`idChat`, `message`, `date`) VALUES (35, 'Sunt sit illo suscipit sint et atque. Vel ita', '1973-01-29');
INSERT INTO `Chat` (`idChat`, `message`, `date`) VALUES (36, 'Aut labore fugiat occaecati veniam incidunt. ', '1976-04-27');
INSERT INTO `Chat` (`idChat`, `message`, `date`) VALUES (37, 'Id tempora natus praesentium et provident nos', '2007-07-06');
INSERT INTO `Chat` (`idChat`, `message`, `date`) VALUES (38, 'Ipsam officia recusandae nostrum. Magnam cons', '2000-02-23');
INSERT INTO `Chat` (`idChat`, `message`, `date`) VALUES (39, 'Reprehenderit cupiditate odit assumenda repre', '2005-12-24');
INSERT INTO `Chat` (`idChat`, `message`, `date`) VALUES (40, 'Est deleniti natus labore pariatur quam sit f', '1988-10-25');
INSERT INTO `Chat` (`idChat`, `message`, `date`) VALUES (41, 'Illum reiciendis officiis non ut reprehenderi', '2021-07-21');
INSERT INTO `Chat` (`idChat`, `message`, `date`) VALUES (42, 'Perferendis qui dolore et ipsam numquam paria', '2008-05-25');
INSERT INTO `Chat` (`idChat`, `message`, `date`) VALUES (43, 'Asperiores aspernatur aut voluptate porro rep', '2007-11-17');
INSERT INTO `Chat` (`idChat`, `message`, `date`) VALUES (44, 'Quis aut nemo eveniet dolores voluptatem. Mai', '1984-08-19');
INSERT INTO `Chat` (`idChat`, `message`, `date`) VALUES (45, 'Eum voluptatem velit placeat velit nostrum. T', '2001-03-01');
INSERT INTO `Chat` (`idChat`, `message`, `date`) VALUES (46, 'Qui dolor ipsum aperiam quis dolores itaque. ', '1974-11-16');
INSERT INTO `Chat` (`idChat`, `message`, `date`) VALUES (47, 'Qui ipsa tempore odit. Numquam itaque et reru', '1975-12-03');
INSERT INTO `Chat` (`idChat`, `message`, `date`) VALUES (48, 'Vel enim odit quia sunt et eos. Velit dolore ', '1985-01-17');
INSERT INTO `Chat` (`idChat`, `message`, `date`) VALUES (49, 'Libero nemo consequuntur est laborum et. Qui ', '2008-05-20');
INSERT INTO `Chat` (`idChat`, `message`, `date`) VALUES (50, 'Aut et sequi in et repudiandae. Atque delenit', '1976-11-17');
INSERT INTO `Chat` (`idChat`, `message`, `date`) VALUES (51, 'Nulla excepturi consequatur quae. Voluptates ', '1988-09-01');
INSERT INTO `Chat` (`idChat`, `message`, `date`) VALUES (52, 'Quia esse non perspiciatis accusamus reiciend', '1980-07-15');
INSERT INTO `Chat` (`idChat`, `message`, `date`) VALUES (53, 'Omnis eos magnam repellendus id. Consequatur ', '2000-01-02');
INSERT INTO `Chat` (`idChat`, `message`, `date`) VALUES (54, 'Aliquid et adipisci expedita qui qui praesent', '1994-05-06');
INSERT INTO `Chat` (`idChat`, `message`, `date`) VALUES (55, 'Numquam deserunt voluptas nulla incidunt quis', '1996-10-17');
INSERT INTO `Chat` (`idChat`, `message`, `date`) VALUES (56, 'Molestiae repellendus ut animi earum. Nihil q', '1976-01-02');
INSERT INTO `Chat` (`idChat`, `message`, `date`) VALUES (57, 'Dignissimos sed doloribus non. Iste ducimus v', '1974-08-02');
INSERT INTO `Chat` (`idChat`, `message`, `date`) VALUES (58, 'Consequuntur molestiae unde minus voluptas es', '1978-12-11');
INSERT INTO `Chat` (`idChat`, `message`, `date`) VALUES (59, 'Exercitationem ea dolores dolore unde. Vel qu', '2012-04-03');
INSERT INTO `Chat` (`idChat`, `message`, `date`) VALUES (60, 'Delectus minus sed delectus quidem. Quo tenet', '1980-01-06');
INSERT INTO `Chat` (`idChat`, `message`, `date`) VALUES (61, 'Eos nam debitis eos. Quaerat ipsum reiciendis', '2012-09-11');
INSERT INTO `Chat` (`idChat`, `message`, `date`) VALUES (62, 'Molestiae nihil itaque qui rem. Blanditiis ac', '2014-06-29');
INSERT INTO `Chat` (`idChat`, `message`, `date`) VALUES (63, 'Mollitia totam voluptates similique non. Illu', '2014-01-15');
INSERT INTO `Chat` (`idChat`, `message`, `date`) VALUES (64, 'Ipsa nihil perferendis totam velit ut qui sim', '1997-06-17');
INSERT INTO `Chat` (`idChat`, `message`, `date`) VALUES (65, 'Vel est error non est dolorem vitae. Aperiam ', '1980-02-20');
INSERT INTO `Chat` (`idChat`, `message`, `date`) VALUES (66, 'Consequuntur eaque ea consequatur et enim. Vo', '2015-12-11');
INSERT INTO `Chat` (`idChat`, `message`, `date`) VALUES (67, 'Hic eius numquam mollitia. Inventore aspernat', '2014-04-28');
INSERT INTO `Chat` (`idChat`, `message`, `date`) VALUES (68, 'Corrupti tempora eos voluptatibus in. Repella', '1971-07-02');
INSERT INTO `Chat` (`idChat`, `message`, `date`) VALUES (69, 'Provident molestiae corporis quo ut amet repe', '2012-08-19');
INSERT INTO `Chat` (`idChat`, `message`, `date`) VALUES (70, 'Rem assumenda accusamus est et laudantium cum', '2002-03-03');
INSERT INTO `Chat` (`idChat`, `message`, `date`) VALUES (71, 'Odio dolor ut labore inventore laborum. Cumqu', '1973-07-09');
INSERT INTO `Chat` (`idChat`, `message`, `date`) VALUES (72, 'Recusandae voluptatem et aut qui aut omnis. E', '2003-09-08');
INSERT INTO `Chat` (`idChat`, `message`, `date`) VALUES (73, 'Fugit est deserunt doloribus consequatur. Omn', '2010-12-15');
INSERT INTO `Chat` (`idChat`, `message`, `date`) VALUES (74, 'Sed nulla deserunt possimus accusamus ut maxi', '2011-12-12');
INSERT INTO `Chat` (`idChat`, `message`, `date`) VALUES (75, 'Officia et soluta sequi a quae. Voluptas temp', '1980-08-13');
INSERT INTO `Chat` (`idChat`, `message`, `date`) VALUES (76, 'Non rem ratione et sit possimus. Pariatur ven', '1993-03-24');
INSERT INTO `Chat` (`idChat`, `message`, `date`) VALUES (77, 'Et cupiditate consequatur in officiis. Repell', '1996-07-11');
INSERT INTO `Chat` (`idChat`, `message`, `date`) VALUES (78, 'Ab aspernatur aut iste quasi rerum ipsum. Rer', '1977-06-02');
INSERT INTO `Chat` (`idChat`, `message`, `date`) VALUES (79, 'Odit molestias facilis beatae ex consequatur ', '2019-08-14');
INSERT INTO `Chat` (`idChat`, `message`, `date`) VALUES (80, 'Natus similique sit nobis officiis perferendi', '2007-10-10');
INSERT INTO `Chat` (`idChat`, `message`, `date`) VALUES (81, 'Neque soluta alias praesentium et voluptatum ', '1985-01-25');
INSERT INTO `Chat` (`idChat`, `message`, `date`) VALUES (82, 'Excepturi eos id unde et. Possimus et et est ', '1971-12-09');
INSERT INTO `Chat` (`idChat`, `message`, `date`) VALUES (83, 'Velit at a maiores iure deserunt culpa. Volup', '1979-09-05');
INSERT INTO `Chat` (`idChat`, `message`, `date`) VALUES (84, 'Qui laboriosam molestiae modi dolor voluptate', '1982-02-04');
INSERT INTO `Chat` (`idChat`, `message`, `date`) VALUES (85, 'Omnis repellat eum autem voluptas repellendus', '1991-09-05');
INSERT INTO `Chat` (`idChat`, `message`, `date`) VALUES (86, 'Tenetur iusto quam et dolores earum possimus.', '1975-10-02');
INSERT INTO `Chat` (`idChat`, `message`, `date`) VALUES (87, 'Ducimus earum architecto et sapiente et et. O', '1994-04-28');
INSERT INTO `Chat` (`idChat`, `message`, `date`) VALUES (88, 'Esse veritatis laboriosam deleniti aut. Repre', '2001-03-29');
INSERT INTO `Chat` (`idChat`, `message`, `date`) VALUES (89, 'Voluptatum fuga est vero quia corporis illum ', '1986-12-20');
INSERT INTO `Chat` (`idChat`, `message`, `date`) VALUES (90, 'Sint in mollitia harum fugiat ut et atque. Mo', '2005-01-22');
INSERT INTO `Chat` (`idChat`, `message`, `date`) VALUES (91, 'Quia nostrum iste nihil illum porro aut nobis', '1983-03-18');
INSERT INTO `Chat` (`idChat`, `message`, `date`) VALUES (92, 'Ut ut consequuntur eius. Consequuntur est vol', '2013-01-25');
INSERT INTO `Chat` (`idChat`, `message`, `date`) VALUES (93, 'Adipisci nisi numquam atque eum culpa quia. N', '2021-05-31');
INSERT INTO `Chat` (`idChat`, `message`, `date`) VALUES (94, 'Voluptas nostrum fugit quia omnis ipsam. Inci', '2000-08-11');
INSERT INTO `Chat` (`idChat`, `message`, `date`) VALUES (95, 'Autem impedit qui dolorum ipsum cum. Error qu', '2009-10-26');
INSERT INTO `Chat` (`idChat`, `message`, `date`) VALUES (96, 'Minima maxime qui aut in eos. Quia quia cupid', '2022-04-06');
INSERT INTO `Chat` (`idChat`, `message`, `date`) VALUES (97, 'Qui unde sed neque et sint. Perspiciatis et e', '2017-07-02');
INSERT INTO `Chat` (`idChat`, `message`, `date`) VALUES (98, 'Aperiam quam alias illo autem. Non omnis qui ', '2016-10-20');
INSERT INTO `Chat` (`idChat`, `message`, `date`) VALUES (99, 'Saepe architecto optio voluptas qui amet. Con', '2020-07-20');
INSERT INTO `Chat` (`idChat`, `message`, `date`) VALUES (100, 'Velit placeat quis temporibus est sit vero. T', '2010-08-20');


#
# TABLE STRUCTURE FOR: Chat_has_User
#

DROP TABLE IF EXISTS `Chat_has_User`;

CREATE TABLE `Chat_has_User` (
  `idtable` int(11) NOT NULL AUTO_INCREMENT,
  `ChatId` int(11) NOT NULL,
  `UserId` int(11) NOT NULL,
  PRIMARY KEY (`idtable`)
) ENGINE=InnoDB AUTO_INCREMENT=101 DEFAULT CHARSET=utf8mb4 COLLATE=utf8mb4_unicode_ci;

INSERT INTO `Chat_has_User` (`idtable`, `ChatId`, `UserId`) VALUES (1, 92, 16);
INSERT INTO `Chat_has_User` (`idtable`, `ChatId`, `UserId`) VALUES (2, 16, 80);
INSERT INTO `Chat_has_User` (`idtable`, `ChatId`, `UserId`) VALUES (3, 32, 20);
INSERT INTO `Chat_has_User` (`idtable`, `ChatId`, `UserId`) VALUES (4, 35, 28);
INSERT INTO `Chat_has_User` (`idtable`, `ChatId`, `UserId`) VALUES (5, 87, 79);
INSERT INTO `Chat_has_User` (`idtable`, `ChatId`, `UserId`) VALUES (6, 19, 15);
INSERT INTO `Chat_has_User` (`idtable`, `ChatId`, `UserId`) VALUES (7, 20, 74);
INSERT INTO `Chat_has_User` (`idtable`, `ChatId`, `UserId`) VALUES (8, 50, 43);
INSERT INTO `Chat_has_User` (`idtable`, `ChatId`, `UserId`) VALUES (9, 72, 79);
INSERT INTO `Chat_has_User` (`idtable`, `ChatId`, `UserId`) VALUES (10, 80, 22);
INSERT INTO `Chat_has_User` (`idtable`, `ChatId`, `UserId`) VALUES (11, 59, 89);
INSERT INTO `Chat_has_User` (`idtable`, `ChatId`, `UserId`) VALUES (12, 8, 77);
INSERT INTO `Chat_has_User` (`idtable`, `ChatId`, `UserId`) VALUES (13, 97, 39);
INSERT INTO `Chat_has_User` (`idtable`, `ChatId`, `UserId`) VALUES (14, 31, 57);
INSERT INTO `Chat_has_User` (`idtable`, `ChatId`, `UserId`) VALUES (15, 55, 34);
INSERT INTO `Chat_has_User` (`idtable`, `ChatId`, `UserId`) VALUES (16, 93, 47);
INSERT INTO `Chat_has_User` (`idtable`, `ChatId`, `UserId`) VALUES (17, 49, 8);
INSERT INTO `Chat_has_User` (`idtable`, `ChatId`, `UserId`) VALUES (18, 26, 81);
INSERT INTO `Chat_has_User` (`idtable`, `ChatId`, `UserId`) VALUES (19, 27, 60);
INSERT INTO `Chat_has_User` (`idtable`, `ChatId`, `UserId`) VALUES (20, 8, 14);
INSERT INTO `Chat_has_User` (`idtable`, `ChatId`, `UserId`) VALUES (21, 39, 27);
INSERT INTO `Chat_has_User` (`idtable`, `ChatId`, `UserId`) VALUES (22, 29, 58);
INSERT INTO `Chat_has_User` (`idtable`, `ChatId`, `UserId`) VALUES (23, 1, 78);
INSERT INTO `Chat_has_User` (`idtable`, `ChatId`, `UserId`) VALUES (24, 1, 73);
INSERT INTO `Chat_has_User` (`idtable`, `ChatId`, `UserId`) VALUES (25, 57, 81);
INSERT INTO `Chat_has_User` (`idtable`, `ChatId`, `UserId`) VALUES (26, 94, 15);
INSERT INTO `Chat_has_User` (`idtable`, `ChatId`, `UserId`) VALUES (27, 69, 1);
INSERT INTO `Chat_has_User` (`idtable`, `ChatId`, `UserId`) VALUES (28, 91, 66);
INSERT INTO `Chat_has_User` (`idtable`, `ChatId`, `UserId`) VALUES (29, 40, 22);
INSERT INTO `Chat_has_User` (`idtable`, `ChatId`, `UserId`) VALUES (30, 23, 95);
INSERT INTO `Chat_has_User` (`idtable`, `ChatId`, `UserId`) VALUES (31, 55, 15);
INSERT INTO `Chat_has_User` (`idtable`, `ChatId`, `UserId`) VALUES (32, 41, 4);
INSERT INTO `Chat_has_User` (`idtable`, `ChatId`, `UserId`) VALUES (33, 22, 66);
INSERT INTO `Chat_has_User` (`idtable`, `ChatId`, `UserId`) VALUES (34, 84, 49);
INSERT INTO `Chat_has_User` (`idtable`, `ChatId`, `UserId`) VALUES (35, 26, 92);
INSERT INTO `Chat_has_User` (`idtable`, `ChatId`, `UserId`) VALUES (36, 62, 65);
INSERT INTO `Chat_has_User` (`idtable`, `ChatId`, `UserId`) VALUES (37, 18, 90);
INSERT INTO `Chat_has_User` (`idtable`, `ChatId`, `UserId`) VALUES (38, 22, 18);
INSERT INTO `Chat_has_User` (`idtable`, `ChatId`, `UserId`) VALUES (39, 67, 23);
INSERT INTO `Chat_has_User` (`idtable`, `ChatId`, `UserId`) VALUES (40, 90, 24);
INSERT INTO `Chat_has_User` (`idtable`, `ChatId`, `UserId`) VALUES (41, 3, 84);
INSERT INTO `Chat_has_User` (`idtable`, `ChatId`, `UserId`) VALUES (42, 38, 72);
INSERT INTO `Chat_has_User` (`idtable`, `ChatId`, `UserId`) VALUES (43, 85, 28);
INSERT INTO `Chat_has_User` (`idtable`, `ChatId`, `UserId`) VALUES (44, 37, 24);
INSERT INTO `Chat_has_User` (`idtable`, `ChatId`, `UserId`) VALUES (45, 50, 59);
INSERT INTO `Chat_has_User` (`idtable`, `ChatId`, `UserId`) VALUES (46, 19, 4);
INSERT INTO `Chat_has_User` (`idtable`, `ChatId`, `UserId`) VALUES (47, 73, 59);
INSERT INTO `Chat_has_User` (`idtable`, `ChatId`, `UserId`) VALUES (48, 7, 95);
INSERT INTO `Chat_has_User` (`idtable`, `ChatId`, `UserId`) VALUES (49, 24, 91);
INSERT INTO `Chat_has_User` (`idtable`, `ChatId`, `UserId`) VALUES (50, 43, 50);
INSERT INTO `Chat_has_User` (`idtable`, `ChatId`, `UserId`) VALUES (51, 82, 4);
INSERT INTO `Chat_has_User` (`idtable`, `ChatId`, `UserId`) VALUES (52, 14, 99);
INSERT INTO `Chat_has_User` (`idtable`, `ChatId`, `UserId`) VALUES (53, 94, 35);
INSERT INTO `Chat_has_User` (`idtable`, `ChatId`, `UserId`) VALUES (54, 17, 61);
INSERT INTO `Chat_has_User` (`idtable`, `ChatId`, `UserId`) VALUES (55, 58, 7);
INSERT INTO `Chat_has_User` (`idtable`, `ChatId`, `UserId`) VALUES (56, 84, 61);
INSERT INTO `Chat_has_User` (`idtable`, `ChatId`, `UserId`) VALUES (57, 91, 21);
INSERT INTO `Chat_has_User` (`idtable`, `ChatId`, `UserId`) VALUES (58, 32, 75);
INSERT INTO `Chat_has_User` (`idtable`, `ChatId`, `UserId`) VALUES (59, 49, 68);
INSERT INTO `Chat_has_User` (`idtable`, `ChatId`, `UserId`) VALUES (60, 99, 98);
INSERT INTO `Chat_has_User` (`idtable`, `ChatId`, `UserId`) VALUES (61, 27, 17);
INSERT INTO `Chat_has_User` (`idtable`, `ChatId`, `UserId`) VALUES (62, 2, 99);
INSERT INTO `Chat_has_User` (`idtable`, `ChatId`, `UserId`) VALUES (63, 75, 9);
INSERT INTO `Chat_has_User` (`idtable`, `ChatId`, `UserId`) VALUES (64, 93, 99);
INSERT INTO `Chat_has_User` (`idtable`, `ChatId`, `UserId`) VALUES (65, 99, 36);
INSERT INTO `Chat_has_User` (`idtable`, `ChatId`, `UserId`) VALUES (66, 48, 81);
INSERT INTO `Chat_has_User` (`idtable`, `ChatId`, `UserId`) VALUES (67, 40, 61);
INSERT INTO `Chat_has_User` (`idtable`, `ChatId`, `UserId`) VALUES (68, 80, 33);
INSERT INTO `Chat_has_User` (`idtable`, `ChatId`, `UserId`) VALUES (69, 96, 97);
INSERT INTO `Chat_has_User` (`idtable`, `ChatId`, `UserId`) VALUES (70, 94, 53);
INSERT INTO `Chat_has_User` (`idtable`, `ChatId`, `UserId`) VALUES (71, 3, 77);
INSERT INTO `Chat_has_User` (`idtable`, `ChatId`, `UserId`) VALUES (72, 14, 93);
INSERT INTO `Chat_has_User` (`idtable`, `ChatId`, `UserId`) VALUES (73, 98, 45);
INSERT INTO `Chat_has_User` (`idtable`, `ChatId`, `UserId`) VALUES (74, 68, 47);
INSERT INTO `Chat_has_User` (`idtable`, `ChatId`, `UserId`) VALUES (75, 13, 66);
INSERT INTO `Chat_has_User` (`idtable`, `ChatId`, `UserId`) VALUES (76, 45, 39);
INSERT INTO `Chat_has_User` (`idtable`, `ChatId`, `UserId`) VALUES (77, 83, 46);
INSERT INTO `Chat_has_User` (`idtable`, `ChatId`, `UserId`) VALUES (78, 38, 57);
INSERT INTO `Chat_has_User` (`idtable`, `ChatId`, `UserId`) VALUES (79, 54, 31);
INSERT INTO `Chat_has_User` (`idtable`, `ChatId`, `UserId`) VALUES (80, 56, 53);
INSERT INTO `Chat_has_User` (`idtable`, `ChatId`, `UserId`) VALUES (81, 66, 3);
INSERT INTO `Chat_has_User` (`idtable`, `ChatId`, `UserId`) VALUES (82, 34, 5);
INSERT INTO `Chat_has_User` (`idtable`, `ChatId`, `UserId`) VALUES (83, 63, 13);
INSERT INTO `Chat_has_User` (`idtable`, `ChatId`, `UserId`) VALUES (84, 38, 59);
INSERT INTO `Chat_has_User` (`idtable`, `ChatId`, `UserId`) VALUES (85, 10, 31);
INSERT INTO `Chat_has_User` (`idtable`, `ChatId`, `UserId`) VALUES (86, 12, 12);
INSERT INTO `Chat_has_User` (`idtable`, `ChatId`, `UserId`) VALUES (87, 8, 25);
INSERT INTO `Chat_has_User` (`idtable`, `ChatId`, `UserId`) VALUES (88, 5, 5);
INSERT INTO `Chat_has_User` (`idtable`, `ChatId`, `UserId`) VALUES (89, 70, 72);
INSERT INTO `Chat_has_User` (`idtable`, `ChatId`, `UserId`) VALUES (90, 51, 82);
INSERT INTO `Chat_has_User` (`idtable`, `ChatId`, `UserId`) VALUES (91, 37, 95);
INSERT INTO `Chat_has_User` (`idtable`, `ChatId`, `UserId`) VALUES (92, 21, 19);
INSERT INTO `Chat_has_User` (`idtable`, `ChatId`, `UserId`) VALUES (93, 41, 58);
INSERT INTO `Chat_has_User` (`idtable`, `ChatId`, `UserId`) VALUES (94, 76, 95);
INSERT INTO `Chat_has_User` (`idtable`, `ChatId`, `UserId`) VALUES (95, 88, 31);
INSERT INTO `Chat_has_User` (`idtable`, `ChatId`, `UserId`) VALUES (96, 48, 53);
INSERT INTO `Chat_has_User` (`idtable`, `ChatId`, `UserId`) VALUES (97, 34, 81);
INSERT INTO `Chat_has_User` (`idtable`, `ChatId`, `UserId`) VALUES (98, 58, 96);
INSERT INTO `Chat_has_User` (`idtable`, `ChatId`, `UserId`) VALUES (99, 94, 95);
INSERT INTO `Chat_has_User` (`idtable`, `ChatId`, `UserId`) VALUES (100, 55, 3);





CREATE TABLE `forum_has_user` (
  `idforum_has_user` int(11) NOT NULL AUTO_INCREMENT,
  `ForumId` int(11) NOT NULL,
  `UserId` int(11) NOT NULL,
  PRIMARY KEY (`idforum_has_user`)
) ENGINE=InnoDB AUTO_INCREMENT=101 DEFAULT CHARSET=utf8mb4 COLLATE=utf8mb4_unicode_ci;

INSERT INTO `forum_has_user` (`idforum_has_user`, `ForumId`, `UserId`) VALUES (1, 59, 94);
INSERT INTO `forum_has_user` (`idforum_has_user`, `ForumId`, `UserId`) VALUES (2, 16, 6);
INSERT INTO `forum_has_user` (`idforum_has_user`, `ForumId`, `UserId`) VALUES (3, 5, 13);
INSERT INTO `forum_has_user` (`idforum_has_user`, `ForumId`, `UserId`) VALUES (4, 53, 37);
INSERT INTO `forum_has_user` (`idforum_has_user`, `ForumId`, `UserId`) VALUES (5, 99, 38);
INSERT INTO `forum_has_user` (`idforum_has_user`, `ForumId`, `UserId`) VALUES (6, 76, 56);
INSERT INTO `forum_has_user` (`idforum_has_user`, `ForumId`, `UserId`) VALUES (7, 45, 38);
INSERT INTO `forum_has_user` (`idforum_has_user`, `ForumId`, `UserId`) VALUES (8, 7, 94);
INSERT INTO `forum_has_user` (`idforum_has_user`, `ForumId`, `UserId`) VALUES (9, 88, 36);
INSERT INTO `forum_has_user` (`idforum_has_user`, `ForumId`, `UserId`) VALUES (10, 20, 74);
INSERT INTO `forum_has_user` (`idforum_has_user`, `ForumId`, `UserId`) VALUES (11, 10, 3);
INSERT INTO `forum_has_user` (`idforum_has_user`, `ForumId`, `UserId`) VALUES (12, 47, 87);
INSERT INTO `forum_has_user` (`idforum_has_user`, `ForumId`, `UserId`) VALUES (13, 62, 82);
INSERT INTO `forum_has_user` (`idforum_has_user`, `ForumId`, `UserId`) VALUES (14, 95, 94);
INSERT INTO `forum_has_user` (`idforum_has_user`, `ForumId`, `UserId`) VALUES (15, 59, 87);
INSERT INTO `forum_has_user` (`idforum_has_user`, `ForumId`, `UserId`) VALUES (16, 5, 17);
INSERT INTO `forum_has_user` (`idforum_has_user`, `ForumId`, `UserId`) VALUES (17, 80, 20);
INSERT INTO `forum_has_user` (`idforum_has_user`, `ForumId`, `UserId`) VALUES (18, 23, 85);
INSERT INTO `forum_has_user` (`idforum_has_user`, `ForumId`, `UserId`) VALUES (19, 32, 76);
INSERT INTO `forum_has_user` (`idforum_has_user`, `ForumId`, `UserId`) VALUES (20, 22, 30);
INSERT INTO `forum_has_user` (`idforum_has_user`, `ForumId`, `UserId`) VALUES (21, 13, 97);
INSERT INTO `forum_has_user` (`idforum_has_user`, `ForumId`, `UserId`) VALUES (22, 86, 58);
INSERT INTO `forum_has_user` (`idforum_has_user`, `ForumId`, `UserId`) VALUES (23, 35, 92);
INSERT INTO `forum_has_user` (`idforum_has_user`, `ForumId`, `UserId`) VALUES (24, 51, 22);
INSERT INTO `forum_has_user` (`idforum_has_user`, `ForumId`, `UserId`) VALUES (25, 28, 70);
INSERT INTO `forum_has_user` (`idforum_has_user`, `ForumId`, `UserId`) VALUES (26, 95, 37);
INSERT INTO `forum_has_user` (`idforum_has_user`, `ForumId`, `UserId`) VALUES (27, 73, 42);
INSERT INTO `forum_has_user` (`idforum_has_user`, `ForumId`, `UserId`) VALUES (28, 23, 34);
INSERT INTO `forum_has_user` (`idforum_has_user`, `ForumId`, `UserId`) VALUES (29, 23, 17);
INSERT INTO `forum_has_user` (`idforum_has_user`, `ForumId`, `UserId`) VALUES (30, 28, 81);
INSERT INTO `forum_has_user` (`idforum_has_user`, `ForumId`, `UserId`) VALUES (31, 3, 32);
INSERT INTO `forum_has_user` (`idforum_has_user`, `ForumId`, `UserId`) VALUES (32, 98, 83);
INSERT INTO `forum_has_user` (`idforum_has_user`, `ForumId`, `UserId`) VALUES (33, 51, 20);
INSERT INTO `forum_has_user` (`idforum_has_user`, `ForumId`, `UserId`) VALUES (34, 67, 83);
INSERT INTO `forum_has_user` (`idforum_has_user`, `ForumId`, `UserId`) VALUES (35, 95, 88);
INSERT INTO `forum_has_user` (`idforum_has_user`, `ForumId`, `UserId`) VALUES (36, 13, 7);
INSERT INTO `forum_has_user` (`idforum_has_user`, `ForumId`, `UserId`) VALUES (37, 85, 98);
INSERT INTO `forum_has_user` (`idforum_has_user`, `ForumId`, `UserId`) VALUES (38, 65, 20);
INSERT INTO `forum_has_user` (`idforum_has_user`, `ForumId`, `UserId`) VALUES (39, 90, 15);
INSERT INTO `forum_has_user` (`idforum_has_user`, `ForumId`, `UserId`) VALUES (40, 42, 17);
INSERT INTO `forum_has_user` (`idforum_has_user`, `ForumId`, `UserId`) VALUES (41, 85, 36);
INSERT INTO `forum_has_user` (`idforum_has_user`, `ForumId`, `UserId`) VALUES (42, 54, 57);
INSERT INTO `forum_has_user` (`idforum_has_user`, `ForumId`, `UserId`) VALUES (43, 78, 76);
INSERT INTO `forum_has_user` (`idforum_has_user`, `ForumId`, `UserId`) VALUES (44, 91, 1);
INSERT INTO `forum_has_user` (`idforum_has_user`, `ForumId`, `UserId`) VALUES (45, 93, 18);
INSERT INTO `forum_has_user` (`idforum_has_user`, `ForumId`, `UserId`) VALUES (46, 81, 96);
INSERT INTO `forum_has_user` (`idforum_has_user`, `ForumId`, `UserId`) VALUES (47, 49, 78);
INSERT INTO `forum_has_user` (`idforum_has_user`, `ForumId`, `UserId`) VALUES (48, 78, 100);
INSERT INTO `forum_has_user` (`idforum_has_user`, `ForumId`, `UserId`) VALUES (49, 97, 45);
INSERT INTO `forum_has_user` (`idforum_has_user`, `ForumId`, `UserId`) VALUES (50, 82, 92);
INSERT INTO `forum_has_user` (`idforum_has_user`, `ForumId`, `UserId`) VALUES (51, 33, 94);
INSERT INTO `forum_has_user` (`idforum_has_user`, `ForumId`, `UserId`) VALUES (52, 99, 18);
INSERT INTO `forum_has_user` (`idforum_has_user`, `ForumId`, `UserId`) VALUES (53, 92, 63);
INSERT INTO `forum_has_user` (`idforum_has_user`, `ForumId`, `UserId`) VALUES (54, 37, 81);
INSERT INTO `forum_has_user` (`idforum_has_user`, `ForumId`, `UserId`) VALUES (55, 78, 78);
INSERT INTO `forum_has_user` (`idforum_has_user`, `ForumId`, `UserId`) VALUES (56, 98, 62);
INSERT INTO `forum_has_user` (`idforum_has_user`, `ForumId`, `UserId`) VALUES (57, 14, 51);
INSERT INTO `forum_has_user` (`idforum_has_user`, `ForumId`, `UserId`) VALUES (58, 18, 92);
INSERT INTO `forum_has_user` (`idforum_has_user`, `ForumId`, `UserId`) VALUES (59, 27, 8);
INSERT INTO `forum_has_user` (`idforum_has_user`, `ForumId`, `UserId`) VALUES (60, 92, 19);
INSERT INTO `forum_has_user` (`idforum_has_user`, `ForumId`, `UserId`) VALUES (61, 26, 72);
INSERT INTO `forum_has_user` (`idforum_has_user`, `ForumId`, `UserId`) VALUES (62, 15, 74);
INSERT INTO `forum_has_user` (`idforum_has_user`, `ForumId`, `UserId`) VALUES (63, 50, 93);
INSERT INTO `forum_has_user` (`idforum_has_user`, `ForumId`, `UserId`) VALUES (64, 74, 47);
INSERT INTO `forum_has_user` (`idforum_has_user`, `ForumId`, `UserId`) VALUES (65, 37, 56);
INSERT INTO `forum_has_user` (`idforum_has_user`, `ForumId`, `UserId`) VALUES (66, 38, 70);
INSERT INTO `forum_has_user` (`idforum_has_user`, `ForumId`, `UserId`) VALUES (67, 49, 36);
INSERT INTO `forum_has_user` (`idforum_has_user`, `ForumId`, `UserId`) VALUES (68, 87, 41);
INSERT INTO `forum_has_user` (`idforum_has_user`, `ForumId`, `UserId`) VALUES (69, 98, 24);
INSERT INTO `forum_has_user` (`idforum_has_user`, `ForumId`, `UserId`) VALUES (70, 21, 75);
INSERT INTO `forum_has_user` (`idforum_has_user`, `ForumId`, `UserId`) VALUES (71, 1, 19);
INSERT INTO `forum_has_user` (`idforum_has_user`, `ForumId`, `UserId`) VALUES (72, 37, 15);
INSERT INTO `forum_has_user` (`idforum_has_user`, `ForumId`, `UserId`) VALUES (73, 70, 54);
INSERT INTO `forum_has_user` (`idforum_has_user`, `ForumId`, `UserId`) VALUES (74, 6, 96);
INSERT INTO `forum_has_user` (`idforum_has_user`, `ForumId`, `UserId`) VALUES (75, 61, 97);
INSERT INTO `forum_has_user` (`idforum_has_user`, `ForumId`, `UserId`) VALUES (76, 15, 86);
INSERT INTO `forum_has_user` (`idforum_has_user`, `ForumId`, `UserId`) VALUES (77, 69, 29);
INSERT INTO `forum_has_user` (`idforum_has_user`, `ForumId`, `UserId`) VALUES (78, 60, 19);
INSERT INTO `forum_has_user` (`idforum_has_user`, `ForumId`, `UserId`) VALUES (79, 21, 34);
INSERT INTO `forum_has_user` (`idforum_has_user`, `ForumId`, `UserId`) VALUES (80, 65, 58);
INSERT INTO `forum_has_user` (`idforum_has_user`, `ForumId`, `UserId`) VALUES (81, 89, 3);
INSERT INTO `forum_has_user` (`idforum_has_user`, `ForumId`, `UserId`) VALUES (82, 27, 38);
INSERT INTO `forum_has_user` (`idforum_has_user`, `ForumId`, `UserId`) VALUES (83, 39, 14);
INSERT INTO `forum_has_user` (`idforum_has_user`, `ForumId`, `UserId`) VALUES (84, 78, 37);
INSERT INTO `forum_has_user` (`idforum_has_user`, `ForumId`, `UserId`) VALUES (85, 37, 98);
INSERT INTO `forum_has_user` (`idforum_has_user`, `ForumId`, `UserId`) VALUES (86, 12, 37);
INSERT INTO `forum_has_user` (`idforum_has_user`, `ForumId`, `UserId`) VALUES (87, 17, 48);
INSERT INTO `forum_has_user` (`idforum_has_user`, `ForumId`, `UserId`) VALUES (88, 52, 86);
INSERT INTO `forum_has_user` (`idforum_has_user`, `ForumId`, `UserId`) VALUES (89, 1, 57);
INSERT INTO `forum_has_user` (`idforum_has_user`, `ForumId`, `UserId`) VALUES (90, 81, 62);
INSERT INTO `forum_has_user` (`idforum_has_user`, `ForumId`, `UserId`) VALUES (91, 54, 96);
INSERT INTO `forum_has_user` (`idforum_has_user`, `ForumId`, `UserId`) VALUES (92, 48, 23);
INSERT INTO `forum_has_user` (`idforum_has_user`, `ForumId`, `UserId`) VALUES (93, 25, 7);
INSERT INTO `forum_has_user` (`idforum_has_user`, `ForumId`, `UserId`) VALUES (94, 41, 45);
INSERT INTO `forum_has_user` (`idforum_has_user`, `ForumId`, `UserId`) VALUES (95, 41, 6);
INSERT INTO `forum_has_user` (`idforum_has_user`, `ForumId`, `UserId`) VALUES (96, 3, 29);
INSERT INTO `forum_has_user` (`idforum_has_user`, `ForumId`, `UserId`) VALUES (97, 9, 29);
INSERT INTO `forum_has_user` (`idforum_has_user`, `ForumId`, `UserId`) VALUES (98, 66, 47);
INSERT INTO `forum_has_user` (`idforum_has_user`, `ForumId`, `UserId`) VALUES (99, 42, 43);
INSERT INTO `forum_has_user` (`idforum_has_user`, `ForumId`, `UserId`) VALUES (100, 83, 78);





#
# TABLE STRUCTURE FOR: Comments
#

DROP TABLE IF EXISTS `Comments`;

CREATE TABLE `Comments` (
  `idComments` int(11) NOT NULL AUTO_INCREMENT,
  `comment` varchar(45) COLLATE utf8mb4_unicode_ci NOT NULL,
  `idUser` int(11) NOT NULL,
  `GamesId` int(11) NOT NULL,
  PRIMARY KEY (`idComments`)
) ENGINE=InnoDB AUTO_INCREMENT=101 DEFAULT CHARSET=utf8mb4 COLLATE=utf8mb4_unicode_ci;

INSERT INTO `Comments` (`idComments`, `comment`, `idUser`, `GamesId`) VALUES (1, 'Esse voluptas at eos corporis. Voluptatum pla', 73, 11);
INSERT INTO `Comments` (`idComments`, `comment`, `idUser`, `GamesId`) VALUES (2, 'Et voluptate voluptatem magni possimus nostru', 96, 17);
INSERT INTO `Comments` (`idComments`, `comment`, `idUser`, `GamesId`) VALUES (3, 'Suscipit ut quod eum rerum reiciendis. Conseq', 95, 47);
INSERT INTO `Comments` (`idComments`, `comment`, `idUser`, `GamesId`) VALUES (4, 'Molestiae dolor quidem id possimus. Explicabo', 51, 97);
INSERT INTO `Comments` (`idComments`, `comment`, `idUser`, `GamesId`) VALUES (5, 'Sed et eveniet explicabo quidem explicabo. Ea', 70, 84);
INSERT INTO `Comments` (`idComments`, `comment`, `idUser`, `GamesId`) VALUES (6, 'Ad vitae odio rerum aliquid voluptatem. Offic', 93, 17);
INSERT INTO `Comments` (`idComments`, `comment`, `idUser`, `GamesId`) VALUES (7, 'Magni sit hic iste esse aspernatur. Iste beat', 3, 71);
INSERT INTO `Comments` (`idComments`, `comment`, `idUser`, `GamesId`) VALUES (8, 'Maxime nam consequatur occaecati nam omnis te', 55, 34);
INSERT INTO `Comments` (`idComments`, `comment`, `idUser`, `GamesId`) VALUES (9, 'Ex similique eos sed rem eos rem nisi hic. Co', 47, 45);
INSERT INTO `Comments` (`idComments`, `comment`, `idUser`, `GamesId`) VALUES (10, 'Quia et magnam qui provident necessitatibus. ', 23, 54);
INSERT INTO `Comments` (`idComments`, `comment`, `idUser`, `GamesId`) VALUES (11, 'Fuga magni dolorem eligendi aliquid saepe. Du', 41, 81);
INSERT INTO `Comments` (`idComments`, `comment`, `idUser`, `GamesId`) VALUES (12, 'Laboriosam accusamus consequuntur voluptas bl', 89, 99);
INSERT INTO `Comments` (`idComments`, `comment`, `idUser`, `GamesId`) VALUES (13, 'Perspiciatis consequatur aut eum in quae. Qui', 45, 70);
INSERT INTO `Comments` (`idComments`, `comment`, `idUser`, `GamesId`) VALUES (14, 'Et autem possimus ut voluptatum quod voluptat', 68, 50);
INSERT INTO `Comments` (`idComments`, `comment`, `idUser`, `GamesId`) VALUES (15, 'Fugiat doloremque sed sed deleniti impedit. L', 30, 61);
INSERT INTO `Comments` (`idComments`, `comment`, `idUser`, `GamesId`) VALUES (16, 'Ut totam error odio totam adipisci. Qui aut f', 66, 2);
INSERT INTO `Comments` (`idComments`, `comment`, `idUser`, `GamesId`) VALUES (17, 'Fugit optio et ab quia. Consequatur est ut re', 72, 62);
INSERT INTO `Comments` (`idComments`, `comment`, `idUser`, `GamesId`) VALUES (18, 'Assumenda aut quia inventore cupiditate labor', 19, 67);
INSERT INTO `Comments` (`idComments`, `comment`, `idUser`, `GamesId`) VALUES (19, 'Ipsam cupiditate rerum et asperiores fugiat a', 9, 69);
INSERT INTO `Comments` (`idComments`, `comment`, `idUser`, `GamesId`) VALUES (20, 'Architecto maiores in vero eum. Ut atque quia', 64, 78);
INSERT INTO `Comments` (`idComments`, `comment`, `idUser`, `GamesId`) VALUES (21, 'Dolorum sequi labore voluptatem qui reiciendi', 53, 56);
INSERT INTO `Comments` (`idComments`, `comment`, `idUser`, `GamesId`) VALUES (22, 'Eligendi dolorum facilis deleniti cumque. Fac', 94, 56);
INSERT INTO `Comments` (`idComments`, `comment`, `idUser`, `GamesId`) VALUES (23, 'Nam molestiae dolores enim deserunt quae qui ', 27, 49);
INSERT INTO `Comments` (`idComments`, `comment`, `idUser`, `GamesId`) VALUES (24, 'Ex quo officia quia minus excepturi velit et.', 89, 74);
INSERT INTO `Comments` (`idComments`, `comment`, `idUser`, `GamesId`) VALUES (25, 'Explicabo in ut doloribus iusto iure. Debitis', 94, 12);
INSERT INTO `Comments` (`idComments`, `comment`, `idUser`, `GamesId`) VALUES (26, 'Occaecati ut quod a voluptatibus delectus aut', 27, 35);
INSERT INTO `Comments` (`idComments`, `comment`, `idUser`, `GamesId`) VALUES (27, 'Aut et fugiat consequatur accusantium illo co', 92, 15);
INSERT INTO `Comments` (`idComments`, `comment`, `idUser`, `GamesId`) VALUES (28, 'Odio odit aut culpa sit suscipit. Dolores mol', 33, 37);
INSERT INTO `Comments` (`idComments`, `comment`, `idUser`, `GamesId`) VALUES (29, 'Non sequi a aut non at doloremque rerum sed. ', 85, 100);
INSERT INTO `Comments` (`idComments`, `comment`, `idUser`, `GamesId`) VALUES (30, 'Ullam ut consectetur ab modi nesciunt volupta', 86, 14);
INSERT INTO `Comments` (`idComments`, `comment`, `idUser`, `GamesId`) VALUES (31, 'Cum necessitatibus labore voluptatem ea facer', 61, 52);
INSERT INTO `Comments` (`idComments`, `comment`, `idUser`, `GamesId`) VALUES (32, 'Qui consectetur voluptatem aut. Eos et expedi', 16, 32);
INSERT INTO `Comments` (`idComments`, `comment`, `idUser`, `GamesId`) VALUES (33, 'Id nobis nemo quas non ad. Occaecati temporib', 13, 35);
INSERT INTO `Comments` (`idComments`, `comment`, `idUser`, `GamesId`) VALUES (34, 'Asperiores ratione repudiandae distinctio. Er', 99, 22);
INSERT INTO `Comments` (`idComments`, `comment`, `idUser`, `GamesId`) VALUES (35, 'Numquam aut aut non ea. Et repudiandae non ve', 4, 63);
INSERT INTO `Comments` (`idComments`, `comment`, `idUser`, `GamesId`) VALUES (36, 'Omnis esse qui atque ratione quis vitae provi', 99, 56);
INSERT INTO `Comments` (`idComments`, `comment`, `idUser`, `GamesId`) VALUES (37, 'Ut rerum dolorem maiores suscipit voluptatem ', 18, 93);
INSERT INTO `Comments` (`idComments`, `comment`, `idUser`, `GamesId`) VALUES (38, 'Tempore optio quia quo qui commodi omnis aut.', 12, 45);
INSERT INTO `Comments` (`idComments`, `comment`, `idUser`, `GamesId`) VALUES (39, 'Maxime consequatur error provident cupiditate', 42, 100);
INSERT INTO `Comments` (`idComments`, `comment`, `idUser`, `GamesId`) VALUES (40, 'Est totam reiciendis similique necessitatibus', 19, 35);
INSERT INTO `Comments` (`idComments`, `comment`, `idUser`, `GamesId`) VALUES (41, 'Amet autem repellendus omnis est placeat. Dis', 12, 45);
INSERT INTO `Comments` (`idComments`, `comment`, `idUser`, `GamesId`) VALUES (42, 'Doloribus iure et sint ad ut. Reiciendis expl', 69, 3);
INSERT INTO `Comments` (`idComments`, `comment`, `idUser`, `GamesId`) VALUES (43, 'Labore ea asperiores quidem atque natus. Perf', 60, 2);
INSERT INTO `Comments` (`idComments`, `comment`, `idUser`, `GamesId`) VALUES (44, 'Quo iusto non architecto culpa sequi earum un', 40, 44);
INSERT INTO `Comments` (`idComments`, `comment`, `idUser`, `GamesId`) VALUES (45, 'Earum recusandae eum recusandae et cumque qua', 1, 25);
INSERT INTO `Comments` (`idComments`, `comment`, `idUser`, `GamesId`) VALUES (46, 'Eligendi laborum doloribus rerum quasi in asp', 58, 62);
INSERT INTO `Comments` (`idComments`, `comment`, `idUser`, `GamesId`) VALUES (47, 'Ut in ea sunt est pariatur debitis error. Est', 77, 73);
INSERT INTO `Comments` (`idComments`, `comment`, `idUser`, `GamesId`) VALUES (48, 'Reprehenderit ullam molestiae quasi laborum f', 93, 89);
INSERT INTO `Comments` (`idComments`, `comment`, `idUser`, `GamesId`) VALUES (49, 'Incidunt et vero commodi qui eum quaerat. Sol', 7, 92);
INSERT INTO `Comments` (`idComments`, `comment`, `idUser`, `GamesId`) VALUES (50, 'Asperiores et repellat molestiae ut. Temporib', 10, 10);
INSERT INTO `Comments` (`idComments`, `comment`, `idUser`, `GamesId`) VALUES (51, 'Non atque aut minima tempore doloremque id. Q', 54, 9);
INSERT INTO `Comments` (`idComments`, `comment`, `idUser`, `GamesId`) VALUES (52, 'Quo laboriosam magni minus totam eum. Delenit', 66, 72);
INSERT INTO `Comments` (`idComments`, `comment`, `idUser`, `GamesId`) VALUES (53, 'Ut et nemo sit vel. Hic voluptatem est dignis', 2, 77);
INSERT INTO `Comments` (`idComments`, `comment`, `idUser`, `GamesId`) VALUES (54, 'Id dolorem ut placeat aut quia expedita digni', 17, 43);
INSERT INTO `Comments` (`idComments`, `comment`, `idUser`, `GamesId`) VALUES (55, 'Harum at dolores quam aliquid. At voluptatem ', 77, 35);
INSERT INTO `Comments` (`idComments`, `comment`, `idUser`, `GamesId`) VALUES (56, 'Ipsam cum possimus qui quae accusamus. Et del', 78, 88);
INSERT INTO `Comments` (`idComments`, `comment`, `idUser`, `GamesId`) VALUES (57, 'Consequatur officiis a sit. Voluptatem ut quo', 80, 47);
INSERT INTO `Comments` (`idComments`, `comment`, `idUser`, `GamesId`) VALUES (58, 'Accusamus officiis sit aut quibusdam. Volupta', 91, 39);
INSERT INTO `Comments` (`idComments`, `comment`, `idUser`, `GamesId`) VALUES (59, 'Sint autem illo aut saepe alias beatae. Qui r', 48, 30);
INSERT INTO `Comments` (`idComments`, `comment`, `idUser`, `GamesId`) VALUES (60, 'Et repellendus a quod autem. Magni dolor et s', 82, 49);
INSERT INTO `Comments` (`idComments`, `comment`, `idUser`, `GamesId`) VALUES (61, 'Quis laborum et dolor odio ea dolor veniam. U', 55, 39);
INSERT INTO `Comments` (`idComments`, `comment`, `idUser`, `GamesId`) VALUES (62, 'Pariatur nulla eos eaque rerum aliquam numqua', 10, 31);
INSERT INTO `Comments` (`idComments`, `comment`, `idUser`, `GamesId`) VALUES (63, 'Voluptatum ea non eius ut non maxime. Fuga se', 12, 3);
INSERT INTO `Comments` (`idComments`, `comment`, `idUser`, `GamesId`) VALUES (64, 'Voluptatem aut ea possimus assumenda quisquam', 20, 19);
INSERT INTO `Comments` (`idComments`, `comment`, `idUser`, `GamesId`) VALUES (65, 'In ut ut amet error nostrum voluptatibus. Vol', 94, 30);
INSERT INTO `Comments` (`idComments`, `comment`, `idUser`, `GamesId`) VALUES (66, 'Eos praesentium suscipit aut veritatis. Exerc', 29, 48);
INSERT INTO `Comments` (`idComments`, `comment`, `idUser`, `GamesId`) VALUES (67, 'Dolorem error illum ut vero totam. Magni ab n', 39, 94);
INSERT INTO `Comments` (`idComments`, `comment`, `idUser`, `GamesId`) VALUES (68, 'Omnis cum eum dolor molestiae veniam voluptat', 20, 40);
INSERT INTO `Comments` (`idComments`, `comment`, `idUser`, `GamesId`) VALUES (69, 'Accusantium sint fugit consequatur mollitia d', 71, 36);
INSERT INTO `Comments` (`idComments`, `comment`, `idUser`, `GamesId`) VALUES (70, 'Rem libero quia possimus labore aut voluptate', 83, 47);
INSERT INTO `Comments` (`idComments`, `comment`, `idUser`, `GamesId`) VALUES (71, 'Voluptas dolor non reprehenderit tempora nemo', 71, 60);
INSERT INTO `Comments` (`idComments`, `comment`, `idUser`, `GamesId`) VALUES (72, 'Rerum sed unde pariatur ut. Corporis aut cons', 35, 50);
INSERT INTO `Comments` (`idComments`, `comment`, `idUser`, `GamesId`) VALUES (73, 'Officiis consequatur expedita deleniti doloru', 7, 26);
INSERT INTO `Comments` (`idComments`, `comment`, `idUser`, `GamesId`) VALUES (74, 'Quos et ut dolore sint labore adipisci. Alias', 88, 54);
INSERT INTO `Comments` (`idComments`, `comment`, `idUser`, `GamesId`) VALUES (75, 'Vitae aliquam aut iusto omnis placeat asperna', 56, 70);
INSERT INTO `Comments` (`idComments`, `comment`, `idUser`, `GamesId`) VALUES (76, 'Voluptates expedita enim sed sed. Quia pariat', 3, 10);
INSERT INTO `Comments` (`idComments`, `comment`, `idUser`, `GamesId`) VALUES (77, 'Ex libero dolores debitis ab provident sunt v', 9, 12);
INSERT INTO `Comments` (`idComments`, `comment`, `idUser`, `GamesId`) VALUES (78, 'Perferendis qui ut excepturi voluptatem nobis', 41, 21);
INSERT INTO `Comments` (`idComments`, `comment`, `idUser`, `GamesId`) VALUES (79, 'Eveniet quos facere minus illum voluptas. Omn', 15, 60);
INSERT INTO `Comments` (`idComments`, `comment`, `idUser`, `GamesId`) VALUES (80, 'Pariatur aut illo debitis ut consectetur accu', 39, 9);
INSERT INTO `Comments` (`idComments`, `comment`, `idUser`, `GamesId`) VALUES (81, 'Iure fuga aut aspernatur modi quo dolorem sun', 89, 67);
INSERT INTO `Comments` (`idComments`, `comment`, `idUser`, `GamesId`) VALUES (82, 'Magnam dolorem deserunt fugit nemo nemo neces', 56, 27);
INSERT INTO `Comments` (`idComments`, `comment`, `idUser`, `GamesId`) VALUES (83, 'Id dolor quia sapiente dolorem distinctio. Al', 60, 75);
INSERT INTO `Comments` (`idComments`, `comment`, `idUser`, `GamesId`) VALUES (84, 'Cum omnis veritatis qui autem et non tempore.', 67, 31);
INSERT INTO `Comments` (`idComments`, `comment`, `idUser`, `GamesId`) VALUES (85, 'Sint labore cumque ut possimus distinctio ali', 11, 49);
INSERT INTO `Comments` (`idComments`, `comment`, `idUser`, `GamesId`) VALUES (86, 'Aut voluptatem nesciunt laudantium repellat e', 78, 81);
INSERT INTO `Comments` (`idComments`, `comment`, `idUser`, `GamesId`) VALUES (87, 'Iste omnis expedita quae aut veritatis ipsa. ', 9, 12);
INSERT INTO `Comments` (`idComments`, `comment`, `idUser`, `GamesId`) VALUES (88, 'Voluptate aut sint necessitatibus sit libero.', 30, 15);
INSERT INTO `Comments` (`idComments`, `comment`, `idUser`, `GamesId`) VALUES (89, 'Veritatis tempore possimus ea. Molestiae haru', 38, 18);
INSERT INTO `Comments` (`idComments`, `comment`, `idUser`, `GamesId`) VALUES (90, 'Possimus nostrum autem laborum voluptatibus n', 69, 93);
INSERT INTO `Comments` (`idComments`, `comment`, `idUser`, `GamesId`) VALUES (91, 'Amet ad qui similique et assumenda culpa quos', 87, 71);
INSERT INTO `Comments` (`idComments`, `comment`, `idUser`, `GamesId`) VALUES (92, 'Voluptatem et animi assumenda voluptas culpa.', 2, 96);
INSERT INTO `Comments` (`idComments`, `comment`, `idUser`, `GamesId`) VALUES (93, 'Tenetur earum unde nesciunt placeat odit rati', 83, 42);
INSERT INTO `Comments` (`idComments`, `comment`, `idUser`, `GamesId`) VALUES (94, 'Dolorem officia inventore debitis quidem cons', 16, 97);
INSERT INTO `Comments` (`idComments`, `comment`, `idUser`, `GamesId`) VALUES (95, 'Inventore aut unde quidem beatae ipsum. Dolor', 2, 54);
INSERT INTO `Comments` (`idComments`, `comment`, `idUser`, `GamesId`) VALUES (96, 'Ea consequatur omnis qui et. Mollitia corpori', 5, 91);
INSERT INTO `Comments` (`idComments`, `comment`, `idUser`, `GamesId`) VALUES (97, 'Nulla nulla non minus praesentium minus qui i', 20, 61);
INSERT INTO `Comments` (`idComments`, `comment`, `idUser`, `GamesId`) VALUES (98, 'Ipsam explicabo dolorum minima aut. Ducimus e', 18, 80);
INSERT INTO `Comments` (`idComments`, `comment`, `idUser`, `GamesId`) VALUES (99, 'Officiis eos temporibus blanditiis voluptatum', 36, 84);
INSERT INTO `Comments` (`idComments`, `comment`, `idUser`, `GamesId`) VALUES (100, 'Non eligendi est et quidem. Perferendis cum i', 11, 47);


#
# TABLE STRUCTURE FOR: Forum
#

DROP TABLE IF EXISTS `Forum`;

CREATE TABLE `Forum` (
  `idForum` int(11) NOT NULL AUTO_INCREMENT,
  `category` varchar(45) COLLATE utf8mb4_unicode_ci NOT NULL,
  PRIMARY KEY (`idForum`)
) ENGINE=InnoDB AUTO_INCREMENT=101 DEFAULT CHARSET=utf8mb4 COLLATE=utf8mb4_unicode_ci;

INSERT INTO `Forum` (`idForum`, `category`) VALUES (1, 'aut');
INSERT INTO `Forum` (`idForum`, `category`) VALUES (2, 'consectetur');
INSERT INTO `Forum` (`idForum`, `category`) VALUES (3, 'magnam');
INSERT INTO `Forum` (`idForum`, `category`) VALUES (4, 'sit');
INSERT INTO `Forum` (`idForum`, `category`) VALUES (5, 'quis');
INSERT INTO `Forum` (`idForum`, `category`) VALUES (6, 'et');
INSERT INTO `Forum` (`idForum`, `category`) VALUES (7, 'omnis');
INSERT INTO `Forum` (`idForum`, `category`) VALUES (8, 'rerum');
INSERT INTO `Forum` (`idForum`, `category`) VALUES (9, 'quisquam');
INSERT INTO `Forum` (`idForum`, `category`) VALUES (10, 'non');
INSERT INTO `Forum` (`idForum`, `category`) VALUES (11, 'id');
INSERT INTO `Forum` (`idForum`, `category`) VALUES (12, 'mollitia');
INSERT INTO `Forum` (`idForum`, `category`) VALUES (13, 'quo');
INSERT INTO `Forum` (`idForum`, `category`) VALUES (14, 'eum');
INSERT INTO `Forum` (`idForum`, `category`) VALUES (15, 'sed');
INSERT INTO `Forum` (`idForum`, `category`) VALUES (16, 'repellat');
INSERT INTO `Forum` (`idForum`, `category`) VALUES (17, 'excepturi');
INSERT INTO `Forum` (`idForum`, `category`) VALUES (18, 'error');
INSERT INTO `Forum` (`idForum`, `category`) VALUES (19, 'dignissimos');
INSERT INTO `Forum` (`idForum`, `category`) VALUES (20, 'laudantium');
INSERT INTO `Forum` (`idForum`, `category`) VALUES (21, 'autem');
INSERT INTO `Forum` (`idForum`, `category`) VALUES (22, 'qui');
INSERT INTO `Forum` (`idForum`, `category`) VALUES (23, 'eaque');
INSERT INTO `Forum` (`idForum`, `category`) VALUES (24, 'necessitatibus');
INSERT INTO `Forum` (`idForum`, `category`) VALUES (25, 'molestiae');
INSERT INTO `Forum` (`idForum`, `category`) VALUES (26, 'tempore');
INSERT INTO `Forum` (`idForum`, `category`) VALUES (27, 'est');
INSERT INTO `Forum` (`idForum`, `category`) VALUES (28, 'at');
INSERT INTO `Forum` (`idForum`, `category`) VALUES (29, 'aliquam');
INSERT INTO `Forum` (`idForum`, `category`) VALUES (30, 'earum');
INSERT INTO `Forum` (`idForum`, `category`) VALUES (31, 'quas');
INSERT INTO `Forum` (`idForum`, `category`) VALUES (32, 'dolores');
INSERT INTO `Forum` (`idForum`, `category`) VALUES (33, 'facilis');
INSERT INTO `Forum` (`idForum`, `category`) VALUES (34, 'illum');
INSERT INTO `Forum` (`idForum`, `category`) VALUES (35, 'ipsa');
INSERT INTO `Forum` (`idForum`, `category`) VALUES (36, 'placeat');
INSERT INTO `Forum` (`idForum`, `category`) VALUES (37, 'consequatur');
INSERT INTO `Forum` (`idForum`, `category`) VALUES (38, 'fuga');
INSERT INTO `Forum` (`idForum`, `category`) VALUES (39, 'eligendi');
INSERT INTO `Forum` (`idForum`, `category`) VALUES (40, 'nesciunt');
INSERT INTO `Forum` (`idForum`, `category`) VALUES (41, 'a');
INSERT INTO `Forum` (`idForum`, `category`) VALUES (42, 'nihil');
INSERT INTO `Forum` (`idForum`, `category`) VALUES (43, 'sequi');
INSERT INTO `Forum` (`idForum`, `category`) VALUES (44, 'fugiat');
INSERT INTO `Forum` (`idForum`, `category`) VALUES (45, 'quaerat');
INSERT INTO `Forum` (`idForum`, `category`) VALUES (46, 'ut');
INSERT INTO `Forum` (`idForum`, `category`) VALUES (47, 'odit');
INSERT INTO `Forum` (`idForum`, `category`) VALUES (48, 'ratione');
INSERT INTO `Forum` (`idForum`, `category`) VALUES (49, 'ipsum');
INSERT INTO `Forum` (`idForum`, `category`) VALUES (50, 'nulla');
INSERT INTO `Forum` (`idForum`, `category`) VALUES (51, 'corporis');
INSERT INTO `Forum` (`idForum`, `category`) VALUES (52, 'expedita');
INSERT INTO `Forum` (`idForum`, `category`) VALUES (53, 'voluptatem');
INSERT INTO `Forum` (`idForum`, `category`) VALUES (54, 'aspernatur');
INSERT INTO `Forum` (`idForum`, `category`) VALUES (55, 'impedit');
INSERT INTO `Forum` (`idForum`, `category`) VALUES (56, 'provident');
INSERT INTO `Forum` (`idForum`, `category`) VALUES (57, 'incidunt');
INSERT INTO `Forum` (`idForum`, `category`) VALUES (58, 'inventore');
INSERT INTO `Forum` (`idForum`, `category`) VALUES (59, 'saepe');
INSERT INTO `Forum` (`idForum`, `category`) VALUES (60, 'neque');
INSERT INTO `Forum` (`idForum`, `category`) VALUES (61, 'assumenda');
INSERT INTO `Forum` (`idForum`, `category`) VALUES (62, 'optio');
INSERT INTO `Forum` (`idForum`, `category`) VALUES (63, 'beatae');
INSERT INTO `Forum` (`idForum`, `category`) VALUES (64, 'cumque');
INSERT INTO `Forum` (`idForum`, `category`) VALUES (65, 'quibusdam');
INSERT INTO `Forum` (`idForum`, `category`) VALUES (66, 'occaecati');
INSERT INTO `Forum` (`idForum`, `category`) VALUES (67, 'quos');
INSERT INTO `Forum` (`idForum`, `category`) VALUES (68, 'minima');
INSERT INTO `Forum` (`idForum`, `category`) VALUES (69, 'vero');
INSERT INTO `Forum` (`idForum`, `category`) VALUES (70, 'harum');
INSERT INTO `Forum` (`idForum`, `category`) VALUES (71, 'deserunt');
INSERT INTO `Forum` (`idForum`, `category`) VALUES (72, 'hic');
INSERT INTO `Forum` (`idForum`, `category`) VALUES (73, 'architecto');
INSERT INTO `Forum` (`idForum`, `category`) VALUES (74, 'culpa');
INSERT INTO `Forum` (`idForum`, `category`) VALUES (75, 'aperiam');
INSERT INTO `Forum` (`idForum`, `category`) VALUES (76, 'cum');
INSERT INTO `Forum` (`idForum`, `category`) VALUES (77, 'veritatis');
INSERT INTO `Forum` (`idForum`, `category`) VALUES (78, 'iusto');
INSERT INTO `Forum` (`idForum`, `category`) VALUES (79, 'commodi');
INSERT INTO `Forum` (`idForum`, `category`) VALUES (80, 'delectus');
INSERT INTO `Forum` (`idForum`, `category`) VALUES (81, 'atque');
INSERT INTO `Forum` (`idForum`, `category`) VALUES (82, 'quia');
INSERT INTO `Forum` (`idForum`, `category`) VALUES (83, 'ea');
INSERT INTO `Forum` (`idForum`, `category`) VALUES (84, 'iste');
INSERT INTO `Forum` (`idForum`, `category`) VALUES (85, 'vel');
INSERT INTO `Forum` (`idForum`, `category`) VALUES (86, 'soluta');
INSERT INTO `Forum` (`idForum`, `category`) VALUES (87, 'repudiandae');
INSERT INTO `Forum` (`idForum`, `category`) VALUES (88, 'quod');
INSERT INTO `Forum` (`idForum`, `category`) VALUES (89, 'accusantium');
INSERT INTO `Forum` (`idForum`, `category`) VALUES (90, 'animi');
INSERT INTO `Forum` (`idForum`, `category`) VALUES (91, 'corrupti');
INSERT INTO `Forum` (`idForum`, `category`) VALUES (92, 'unde');
INSERT INTO `Forum` (`idForum`, `category`) VALUES (93, 'itaque');
INSERT INTO `Forum` (`idForum`, `category`) VALUES (94, 'voluptas');
INSERT INTO `Forum` (`idForum`, `category`) VALUES (95, 'distinctio');
INSERT INTO `Forum` (`idForum`, `category`) VALUES (96, 'doloremque');
INSERT INTO `Forum` (`idForum`, `category`) VALUES (97, 'enim');
INSERT INTO `Forum` (`idForum`, `category`) VALUES (98, 'vitae');
INSERT INTO `Forum` (`idForum`, `category`) VALUES (99, 'repellendus');
INSERT INTO `Forum` (`idForum`, `category`) VALUES (100, 'praesentium');


#
# TABLE STRUCTURE FOR: Friends
#

DROP TABLE IF EXISTS `Friends`;

CREATE TABLE `Friends` (
  `idFriends` int(11) NOT NULL AUTO_INCREMENT,
  `from_user_id` int(11) NOT NULL,
  `to_user_id` int(11) NOT NULL,
  PRIMARY KEY (`idFriends`)
) ENGINE=InnoDB AUTO_INCREMENT=101 DEFAULT CHARSET=utf8mb4 COLLATE=utf8mb4_unicode_ci;

INSERT INTO `Friends` (`idFriends`, `from_user_id`, `to_user_id`) VALUES (1, 28, 87);
INSERT INTO `Friends` (`idFriends`, `from_user_id`, `to_user_id`) VALUES (2, 16, 99);
INSERT INTO `Friends` (`idFriends`, `from_user_id`, `to_user_id`) VALUES (3, 71, 3);
INSERT INTO `Friends` (`idFriends`, `from_user_id`, `to_user_id`) VALUES (4, 10, 49);
INSERT INTO `Friends` (`idFriends`, `from_user_id`, `to_user_id`) VALUES (5, 4, 29);
INSERT INTO `Friends` (`idFriends`, `from_user_id`, `to_user_id`) VALUES (6, 51, 21);
INSERT INTO `Friends` (`idFriends`, `from_user_id`, `to_user_id`) VALUES (7, 95, 98);
INSERT INTO `Friends` (`idFriends`, `from_user_id`, `to_user_id`) VALUES (8, 22, 94);
INSERT INTO `Friends` (`idFriends`, `from_user_id`, `to_user_id`) VALUES (9, 9, 59);
INSERT INTO `Friends` (`idFriends`, `from_user_id`, `to_user_id`) VALUES (10, 56, 88);
INSERT INTO `Friends` (`idFriends`, `from_user_id`, `to_user_id`) VALUES (11, 20, 1);
INSERT INTO `Friends` (`idFriends`, `from_user_id`, `to_user_id`) VALUES (12, 78, 100);
INSERT INTO `Friends` (`idFriends`, `from_user_id`, `to_user_id`) VALUES (13, 40, 5);
INSERT INTO `Friends` (`idFriends`, `from_user_id`, `to_user_id`) VALUES (14, 47, 44);
INSERT INTO `Friends` (`idFriends`, `from_user_id`, `to_user_id`) VALUES (15, 22, 82);
INSERT INTO `Friends` (`idFriends`, `from_user_id`, `to_user_id`) VALUES (16, 44, 49);
INSERT INTO `Friends` (`idFriends`, `from_user_id`, `to_user_id`) VALUES (17, 68, 60);
INSERT INTO `Friends` (`idFriends`, `from_user_id`, `to_user_id`) VALUES (18, 47, 39);
INSERT INTO `Friends` (`idFriends`, `from_user_id`, `to_user_id`) VALUES (19, 63, 56);
INSERT INTO `Friends` (`idFriends`, `from_user_id`, `to_user_id`) VALUES (20, 87, 66);
INSERT INTO `Friends` (`idFriends`, `from_user_id`, `to_user_id`) VALUES (21, 85, 38);
INSERT INTO `Friends` (`idFriends`, `from_user_id`, `to_user_id`) VALUES (22, 87, 80);
INSERT INTO `Friends` (`idFriends`, `from_user_id`, `to_user_id`) VALUES (23, 36, 9);
INSERT INTO `Friends` (`idFriends`, `from_user_id`, `to_user_id`) VALUES (24, 73, 44);
INSERT INTO `Friends` (`idFriends`, `from_user_id`, `to_user_id`) VALUES (25, 67, 28);
INSERT INTO `Friends` (`idFriends`, `from_user_id`, `to_user_id`) VALUES (26, 31, 87);
INSERT INTO `Friends` (`idFriends`, `from_user_id`, `to_user_id`) VALUES (27, 28, 8);
INSERT INTO `Friends` (`idFriends`, `from_user_id`, `to_user_id`) VALUES (28, 86, 67);
INSERT INTO `Friends` (`idFriends`, `from_user_id`, `to_user_id`) VALUES (29, 13, 32);
INSERT INTO `Friends` (`idFriends`, `from_user_id`, `to_user_id`) VALUES (30, 11, 34);
INSERT INTO `Friends` (`idFriends`, `from_user_id`, `to_user_id`) VALUES (31, 13, 55);
INSERT INTO `Friends` (`idFriends`, `from_user_id`, `to_user_id`) VALUES (32, 83, 81);
INSERT INTO `Friends` (`idFriends`, `from_user_id`, `to_user_id`) VALUES (33, 15, 29);
INSERT INTO `Friends` (`idFriends`, `from_user_id`, `to_user_id`) VALUES (34, 20, 77);
INSERT INTO `Friends` (`idFriends`, `from_user_id`, `to_user_id`) VALUES (35, 85, 6);
INSERT INTO `Friends` (`idFriends`, `from_user_id`, `to_user_id`) VALUES (36, 43, 69);
INSERT INTO `Friends` (`idFriends`, `from_user_id`, `to_user_id`) VALUES (37, 44, 29);
INSERT INTO `Friends` (`idFriends`, `from_user_id`, `to_user_id`) VALUES (38, 48, 79);
INSERT INTO `Friends` (`idFriends`, `from_user_id`, `to_user_id`) VALUES (39, 37, 20);
INSERT INTO `Friends` (`idFriends`, `from_user_id`, `to_user_id`) VALUES (40, 23, 4);
INSERT INTO `Friends` (`idFriends`, `from_user_id`, `to_user_id`) VALUES (41, 48, 54);
INSERT INTO `Friends` (`idFriends`, `from_user_id`, `to_user_id`) VALUES (42, 90, 75);
INSERT INTO `Friends` (`idFriends`, `from_user_id`, `to_user_id`) VALUES (43, 62, 75);
INSERT INTO `Friends` (`idFriends`, `from_user_id`, `to_user_id`) VALUES (44, 42, 74);
INSERT INTO `Friends` (`idFriends`, `from_user_id`, `to_user_id`) VALUES (45, 7, 52);
INSERT INTO `Friends` (`idFriends`, `from_user_id`, `to_user_id`) VALUES (46, 8, 20);
INSERT INTO `Friends` (`idFriends`, `from_user_id`, `to_user_id`) VALUES (47, 6, 90);
INSERT INTO `Friends` (`idFriends`, `from_user_id`, `to_user_id`) VALUES (48, 100, 21);
INSERT INTO `Friends` (`idFriends`, `from_user_id`, `to_user_id`) VALUES (49, 19, 19);
INSERT INTO `Friends` (`idFriends`, `from_user_id`, `to_user_id`) VALUES (50, 97, 4);
INSERT INTO `Friends` (`idFriends`, `from_user_id`, `to_user_id`) VALUES (51, 25, 39);
INSERT INTO `Friends` (`idFriends`, `from_user_id`, `to_user_id`) VALUES (52, 73, 68);
INSERT INTO `Friends` (`idFriends`, `from_user_id`, `to_user_id`) VALUES (53, 67, 20);
INSERT INTO `Friends` (`idFriends`, `from_user_id`, `to_user_id`) VALUES (54, 47, 4);
INSERT INTO `Friends` (`idFriends`, `from_user_id`, `to_user_id`) VALUES (55, 40, 70);
INSERT INTO `Friends` (`idFriends`, `from_user_id`, `to_user_id`) VALUES (56, 8, 87);
INSERT INTO `Friends` (`idFriends`, `from_user_id`, `to_user_id`) VALUES (57, 23, 97);
INSERT INTO `Friends` (`idFriends`, `from_user_id`, `to_user_id`) VALUES (58, 62, 84);
INSERT INTO `Friends` (`idFriends`, `from_user_id`, `to_user_id`) VALUES (59, 72, 3);
INSERT INTO `Friends` (`idFriends`, `from_user_id`, `to_user_id`) VALUES (60, 58, 78);
INSERT INTO `Friends` (`idFriends`, `from_user_id`, `to_user_id`) VALUES (61, 55, 66);
INSERT INTO `Friends` (`idFriends`, `from_user_id`, `to_user_id`) VALUES (62, 97, 61);
INSERT INTO `Friends` (`idFriends`, `from_user_id`, `to_user_id`) VALUES (63, 56, 96);
INSERT INTO `Friends` (`idFriends`, `from_user_id`, `to_user_id`) VALUES (64, 81, 75);
INSERT INTO `Friends` (`idFriends`, `from_user_id`, `to_user_id`) VALUES (65, 15, 77);
INSERT INTO `Friends` (`idFriends`, `from_user_id`, `to_user_id`) VALUES (66, 78, 39);
INSERT INTO `Friends` (`idFriends`, `from_user_id`, `to_user_id`) VALUES (67, 16, 50);
INSERT INTO `Friends` (`idFriends`, `from_user_id`, `to_user_id`) VALUES (68, 7, 83);
INSERT INTO `Friends` (`idFriends`, `from_user_id`, `to_user_id`) VALUES (69, 70, 54);
INSERT INTO `Friends` (`idFriends`, `from_user_id`, `to_user_id`) VALUES (70, 86, 9);
INSERT INTO `Friends` (`idFriends`, `from_user_id`, `to_user_id`) VALUES (71, 23, 93);
INSERT INTO `Friends` (`idFriends`, `from_user_id`, `to_user_id`) VALUES (72, 96, 46);
INSERT INTO `Friends` (`idFriends`, `from_user_id`, `to_user_id`) VALUES (73, 90, 58);
INSERT INTO `Friends` (`idFriends`, `from_user_id`, `to_user_id`) VALUES (74, 30, 61);
INSERT INTO `Friends` (`idFriends`, `from_user_id`, `to_user_id`) VALUES (75, 60, 88);
INSERT INTO `Friends` (`idFriends`, `from_user_id`, `to_user_id`) VALUES (76, 39, 15);
INSERT INTO `Friends` (`idFriends`, `from_user_id`, `to_user_id`) VALUES (77, 53, 35);
INSERT INTO `Friends` (`idFriends`, `from_user_id`, `to_user_id`) VALUES (78, 75, 9);
INSERT INTO `Friends` (`idFriends`, `from_user_id`, `to_user_id`) VALUES (79, 31, 55);
INSERT INTO `Friends` (`idFriends`, `from_user_id`, `to_user_id`) VALUES (80, 83, 46);
INSERT INTO `Friends` (`idFriends`, `from_user_id`, `to_user_id`) VALUES (81, 32, 60);
INSERT INTO `Friends` (`idFriends`, `from_user_id`, `to_user_id`) VALUES (82, 85, 47);
INSERT INTO `Friends` (`idFriends`, `from_user_id`, `to_user_id`) VALUES (83, 10, 91);
INSERT INTO `Friends` (`idFriends`, `from_user_id`, `to_user_id`) VALUES (84, 29, 79);
INSERT INTO `Friends` (`idFriends`, `from_user_id`, `to_user_id`) VALUES (85, 45, 15);
INSERT INTO `Friends` (`idFriends`, `from_user_id`, `to_user_id`) VALUES (86, 88, 67);
INSERT INTO `Friends` (`idFriends`, `from_user_id`, `to_user_id`) VALUES (87, 8, 84);
INSERT INTO `Friends` (`idFriends`, `from_user_id`, `to_user_id`) VALUES (88, 13, 97);
INSERT INTO `Friends` (`idFriends`, `from_user_id`, `to_user_id`) VALUES (89, 41, 42);
INSERT INTO `Friends` (`idFriends`, `from_user_id`, `to_user_id`) VALUES (90, 58, 1);
INSERT INTO `Friends` (`idFriends`, `from_user_id`, `to_user_id`) VALUES (91, 29, 96);
INSERT INTO `Friends` (`idFriends`, `from_user_id`, `to_user_id`) VALUES (92, 15, 82);
INSERT INTO `Friends` (`idFriends`, `from_user_id`, `to_user_id`) VALUES (93, 31, 90);
INSERT INTO `Friends` (`idFriends`, `from_user_id`, `to_user_id`) VALUES (94, 90, 61);
INSERT INTO `Friends` (`idFriends`, `from_user_id`, `to_user_id`) VALUES (95, 44, 73);
INSERT INTO `Friends` (`idFriends`, `from_user_id`, `to_user_id`) VALUES (96, 7, 76);
INSERT INTO `Friends` (`idFriends`, `from_user_id`, `to_user_id`) VALUES (97, 32, 91);
INSERT INTO `Friends` (`idFriends`, `from_user_id`, `to_user_id`) VALUES (98, 22, 42);
INSERT INTO `Friends` (`idFriends`, `from_user_id`, `to_user_id`) VALUES (99, 81, 51);
INSERT INTO `Friends` (`idFriends`, `from_user_id`, `to_user_id`) VALUES (100, 21, 26);


#
# TABLE STRUCTURE FOR: Games
#

DROP TABLE IF EXISTS `Games`;

CREATE TABLE `Games` (
  `idGame` int(11) NOT NULL AUTO_INCREMENT,
  `name` varchar(45) COLLATE utf8mb4_unicode_ci NOT NULL,
  `creator` varchar(45) COLLATE utf8mb4_unicode_ci NOT NULL,
  `price` int(11) NOT NULL,
  PRIMARY KEY (`idGame`)
) ENGINE=InnoDB AUTO_INCREMENT=101 DEFAULT CHARSET=utf8mb4 COLLATE=utf8mb4_unicode_ci;

INSERT INTO `Games` (`idGame`, `name`, `creator`, `price`) VALUES (1, 'et', 'Wanda Stanton', 2298);
INSERT INTO `Games` (`idGame`, `name`, `creator`, `price`) VALUES (2, 'deleniti', 'Torrey Hyatt', 1185);
INSERT INTO `Games` (`idGame`, `name`, `creator`, `price`) VALUES (3, 'est', 'Patience Denesik', 949);
INSERT INTO `Games` (`idGame`, `name`, `creator`, `price`) VALUES (4, 'quaerat', 'Jody Raynor', 800);
INSERT INTO `Games` (`idGame`, `name`, `creator`, `price`) VALUES (5, 'ut', 'Mr. Reginald Gleichner', 1734);
INSERT INTO `Games` (`idGame`, `name`, `creator`, `price`) VALUES (6, 'sed', 'Dr. Taryn Feest I', 1675);
INSERT INTO `Games` (`idGame`, `name`, `creator`, `price`) VALUES (7, 'ut', 'Geo Reichel', 1932);
INSERT INTO `Games` (`idGame`, `name`, `creator`, `price`) VALUES (8, 'officiis', 'Alphonso Barrows', 1334);
INSERT INTO `Games` (`idGame`, `name`, `creator`, `price`) VALUES (9, 'autem', 'Beatrice Ruecker', 2420);
INSERT INTO `Games` (`idGame`, `name`, `creator`, `price`) VALUES (10, 'reprehenderit', 'Ron Sporer', 2584);
INSERT INTO `Games` (`idGame`, `name`, `creator`, `price`) VALUES (11, 'nam', 'Meghan Bogisich', 1287);
INSERT INTO `Games` (`idGame`, `name`, `creator`, `price`) VALUES (12, 'vero', 'Kay Morar I', 2056);
INSERT INTO `Games` (`idGame`, `name`, `creator`, `price`) VALUES (13, 'qui', 'Cynthia White', 2426);
INSERT INTO `Games` (`idGame`, `name`, `creator`, `price`) VALUES (14, 'eum', 'Jazmyn Borer', 2562);
INSERT INTO `Games` (`idGame`, `name`, `creator`, `price`) VALUES (15, 'aut', 'Prof. Destin Prohaska PhD', 2390);
INSERT INTO `Games` (`idGame`, `name`, `creator`, `price`) VALUES (16, 'sed', 'Wilfrid Kutch', 1011);
INSERT INTO `Games` (`idGame`, `name`, `creator`, `price`) VALUES (17, 'rerum', 'Prof. Mallory Haag', 2437);
INSERT INTO `Games` (`idGame`, `name`, `creator`, `price`) VALUES (18, 'consequatur', 'Josephine Breitenberg', 1977);
INSERT INTO `Games` (`idGame`, `name`, `creator`, `price`) VALUES (19, 'magni', 'Fredrick Wunsch', 2782);
INSERT INTO `Games` (`idGame`, `name`, `creator`, `price`) VALUES (20, 'est', 'Ayla Kautzer Jr.', 1145);
INSERT INTO `Games` (`idGame`, `name`, `creator`, `price`) VALUES (21, 'accusamus', 'Rylee Bogisich', 1053);
INSERT INTO `Games` (`idGame`, `name`, `creator`, `price`) VALUES (22, 'fugiat', 'Arvid Kohler', 2932);
INSERT INTO `Games` (`idGame`, `name`, `creator`, `price`) VALUES (23, 'est', 'Heather Bernier', 718);
INSERT INTO `Games` (`idGame`, `name`, `creator`, `price`) VALUES (24, 'maxime', 'Jaleel Spencer', 1230);
INSERT INTO `Games` (`idGame`, `name`, `creator`, `price`) VALUES (25, 'quidem', 'Dr. Emelia Stehr', 2069);
INSERT INTO `Games` (`idGame`, `name`, `creator`, `price`) VALUES (26, 'architecto', 'Micaela Carter I', 2303);
INSERT INTO `Games` (`idGame`, `name`, `creator`, `price`) VALUES (27, 'nobis', 'Columbus Frami', 2324);
INSERT INTO `Games` (`idGame`, `name`, `creator`, `price`) VALUES (28, 'illum', 'Keegan Berge IV', 2448);
INSERT INTO `Games` (`idGame`, `name`, `creator`, `price`) VALUES (29, 'repellendus', 'Felicita Roberts', 1785);
INSERT INTO `Games` (`idGame`, `name`, `creator`, `price`) VALUES (30, 'ipsum', 'Jarrell Davis', 2959);
INSERT INTO `Games` (`idGame`, `name`, `creator`, `price`) VALUES (31, 'minus', 'Jameson Kohler', 1202);
INSERT INTO `Games` (`idGame`, `name`, `creator`, `price`) VALUES (32, 'corrupti', 'Dr. Henri Ruecker V', 2162);
INSERT INTO `Games` (`idGame`, `name`, `creator`, `price`) VALUES (33, 'quasi', 'Tavares Gibson', 1948);
INSERT INTO `Games` (`idGame`, `name`, `creator`, `price`) VALUES (34, 'distinctio', 'Dr. Olaf Wunsch Jr.', 2264);
INSERT INTO `Games` (`idGame`, `name`, `creator`, `price`) VALUES (35, 'vel', 'Jackeline Gutmann', 1994);
INSERT INTO `Games` (`idGame`, `name`, `creator`, `price`) VALUES (36, 'quidem', 'Prof. Howard Friesen Jr.', 2310);
INSERT INTO `Games` (`idGame`, `name`, `creator`, `price`) VALUES (37, 'et', 'Dr. Sherwood Treutel MD', 1564);
INSERT INTO `Games` (`idGame`, `name`, `creator`, `price`) VALUES (38, 'libero', 'Ivah Reichert', 2454);
INSERT INTO `Games` (`idGame`, `name`, `creator`, `price`) VALUES (39, 'nihil', 'Prof. Hettie Gerhold DVM', 2323);
INSERT INTO `Games` (`idGame`, `name`, `creator`, `price`) VALUES (40, 'omnis', 'Kamille Collins', 2238);
INSERT INTO `Games` (`idGame`, `name`, `creator`, `price`) VALUES (41, 'autem', 'Leonie Feeney', 2293);
INSERT INTO `Games` (`idGame`, `name`, `creator`, `price`) VALUES (42, 'animi', 'Josephine Hauck', 1660);
INSERT INTO `Games` (`idGame`, `name`, `creator`, `price`) VALUES (43, 'facere', 'Floy Balistreri', 2676);
INSERT INTO `Games` (`idGame`, `name`, `creator`, `price`) VALUES (44, 'vel', 'Clarissa Ernser', 1005);
INSERT INTO `Games` (`idGame`, `name`, `creator`, `price`) VALUES (45, 'dolor', 'Carrie Kutch', 2093);
INSERT INTO `Games` (`idGame`, `name`, `creator`, `price`) VALUES (46, 'praesentium', 'Dr. Derek Moore', 2572);
INSERT INTO `Games` (`idGame`, `name`, `creator`, `price`) VALUES (47, 'dolorem', 'Savanah Kovacek', 2542);
INSERT INTO `Games` (`idGame`, `name`, `creator`, `price`) VALUES (48, 'rerum', 'Moses Collier II', 2172);
INSERT INTO `Games` (`idGame`, `name`, `creator`, `price`) VALUES (49, 'eum', 'Dr. Ludwig Aufderhar', 2973);
INSERT INTO `Games` (`idGame`, `name`, `creator`, `price`) VALUES (50, 'nostrum', 'Riley Kulas I', 786);
INSERT INTO `Games` (`idGame`, `name`, `creator`, `price`) VALUES (51, 'ducimus', 'Gudrun McDermott', 2583);
INSERT INTO `Games` (`idGame`, `name`, `creator`, `price`) VALUES (52, 'earum', 'Vernie Schneider', 2082);
INSERT INTO `Games` (`idGame`, `name`, `creator`, `price`) VALUES (53, 'eligendi', 'Prof. Alana Leannon Jr.', 2555);
INSERT INTO `Games` (`idGame`, `name`, `creator`, `price`) VALUES (54, 'veniam', 'Mrs. Alexandra Green', 1279);
INSERT INTO `Games` (`idGame`, `name`, `creator`, `price`) VALUES (55, 'id', 'Meagan Olson', 694);
INSERT INTO `Games` (`idGame`, `name`, `creator`, `price`) VALUES (56, 'autem', 'Mr. Florian Harvey', 2779);
INSERT INTO `Games` (`idGame`, `name`, `creator`, `price`) VALUES (57, 'ut', 'Giovani Hauck', 2940);
INSERT INTO `Games` (`idGame`, `name`, `creator`, `price`) VALUES (58, 'quas', 'Ellen Sanford PhD', 2774);
INSERT INTO `Games` (`idGame`, `name`, `creator`, `price`) VALUES (59, 'esse', 'Kenton Mayert', 2150);
INSERT INTO `Games` (`idGame`, `name`, `creator`, `price`) VALUES (60, 'quae', 'Jillian Harvey', 2929);
INSERT INTO `Games` (`idGame`, `name`, `creator`, `price`) VALUES (61, 'atque', 'Murphy Keebler', 2421);
INSERT INTO `Games` (`idGame`, `name`, `creator`, `price`) VALUES (62, 'optio', 'Dr. Helene Macejkovic I', 1426);
INSERT INTO `Games` (`idGame`, `name`, `creator`, `price`) VALUES (63, 'libero', 'Miss Vivien Conn II', 2247);
INSERT INTO `Games` (`idGame`, `name`, `creator`, `price`) VALUES (64, 'delectus', 'Miss Eveline Tillman', 1625);
INSERT INTO `Games` (`idGame`, `name`, `creator`, `price`) VALUES (65, 'eligendi', 'Mr. Riley Rosenbaum', 1257);
INSERT INTO `Games` (`idGame`, `name`, `creator`, `price`) VALUES (66, 'occaecati', 'Prof. Sebastian McGlynn', 2108);
INSERT INTO `Games` (`idGame`, `name`, `creator`, `price`) VALUES (67, 'deserunt', 'Gideon Swaniawski', 984);
INSERT INTO `Games` (`idGame`, `name`, `creator`, `price`) VALUES (68, 'aut', 'Kole Runolfsdottir', 1549);
INSERT INTO `Games` (`idGame`, `name`, `creator`, `price`) VALUES (69, 'impedit', 'Chad Harvey', 2489);
INSERT INTO `Games` (`idGame`, `name`, `creator`, `price`) VALUES (70, 'perspiciatis', 'Mr. Kamron Schamberger DVM', 976);
INSERT INTO `Games` (`idGame`, `name`, `creator`, `price`) VALUES (71, 'consectetur', 'Dr. Josianne Reichert I', 1778);
INSERT INTO `Games` (`idGame`, `name`, `creator`, `price`) VALUES (72, 'sit', 'Marcellus Gutkowski', 515);
INSERT INTO `Games` (`idGame`, `name`, `creator`, `price`) VALUES (73, 'aspernatur', 'Gustave Kuvalis', 1428);
INSERT INTO `Games` (`idGame`, `name`, `creator`, `price`) VALUES (74, 'et', 'Nadia Lebsack', 1037);
INSERT INTO `Games` (`idGame`, `name`, `creator`, `price`) VALUES (75, 'ut', 'Miss Eryn Legros', 2163);
INSERT INTO `Games` (`idGame`, `name`, `creator`, `price`) VALUES (76, 'quisquam', 'Hudson Ankunding', 1042);
INSERT INTO `Games` (`idGame`, `name`, `creator`, `price`) VALUES (77, 'et', 'Alberta Pagac', 1614);
INSERT INTO `Games` (`idGame`, `name`, `creator`, `price`) VALUES (78, 'laborum', 'Dr. Reymundo Larkin V', 2443);
INSERT INTO `Games` (`idGame`, `name`, `creator`, `price`) VALUES (79, 'omnis', 'Prof. Elwin Nolan', 2078);
INSERT INTO `Games` (`idGame`, `name`, `creator`, `price`) VALUES (80, 'esse', 'Ms. Marjorie Macejkovic', 897);
INSERT INTO `Games` (`idGame`, `name`, `creator`, `price`) VALUES (81, 'voluptatibus', 'Mavis Sauer DDS', 1651);
INSERT INTO `Games` (`idGame`, `name`, `creator`, `price`) VALUES (82, 'quam', 'Floyd Swift', 508);
INSERT INTO `Games` (`idGame`, `name`, `creator`, `price`) VALUES (83, 'facere', 'Mrs. Sandy Kulas', 995);
INSERT INTO `Games` (`idGame`, `name`, `creator`, `price`) VALUES (84, 'maxime', 'Mr. Ricky Carter V', 660);
INSERT INTO `Games` (`idGame`, `name`, `creator`, `price`) VALUES (85, 'tempore', 'Ethyl Zemlak', 2720);
INSERT INTO `Games` (`idGame`, `name`, `creator`, `price`) VALUES (86, 'laborum', 'Adolfo Trantow', 2388);
INSERT INTO `Games` (`idGame`, `name`, `creator`, `price`) VALUES (87, 'sequi', 'Prof. Elbert Abbott III', 560);
INSERT INTO `Games` (`idGame`, `name`, `creator`, `price`) VALUES (88, 'aut', 'Meta Botsford', 1374);
INSERT INTO `Games` (`idGame`, `name`, `creator`, `price`) VALUES (89, 'velit', 'Mr. Lucio Rice', 981);
INSERT INTO `Games` (`idGame`, `name`, `creator`, `price`) VALUES (90, 'vero', 'Ms. Alaina Littel MD', 2023);
INSERT INTO `Games` (`idGame`, `name`, `creator`, `price`) VALUES (91, 'ea', 'Kellie Watsica', 1558);
INSERT INTO `Games` (`idGame`, `name`, `creator`, `price`) VALUES (92, 'quo', 'Dr. Polly Champlin IV', 1014);
INSERT INTO `Games` (`idGame`, `name`, `creator`, `price`) VALUES (93, 'dignissimos', 'Cecelia Hayes', 1073);
INSERT INTO `Games` (`idGame`, `name`, `creator`, `price`) VALUES (94, 'est', 'Cynthia D\'Amore', 1872);
INSERT INTO `Games` (`idGame`, `name`, `creator`, `price`) VALUES (95, 'commodi', 'Fae Schmeler', 2545);
INSERT INTO `Games` (`idGame`, `name`, `creator`, `price`) VALUES (96, 'tempore', 'Jayme Ullrich', 1321);
INSERT INTO `Games` (`idGame`, `name`, `creator`, `price`) VALUES (97, 'ut', 'Vernie Greenfelder', 2761);
INSERT INTO `Games` (`idGame`, `name`, `creator`, `price`) VALUES (98, 'laborum', 'Devan Johns II', 1987);
INSERT INTO `Games` (`idGame`, `name`, `creator`, `price`) VALUES (99, 'autem', 'Buddy Ankunding', 2640);
INSERT INTO `Games` (`idGame`, `name`, `creator`, `price`) VALUES (100, 'quasi', 'Tod Mertz MD', 889);


#
# TABLE STRUCTURE FOR: Inventar
#

DROP TABLE IF EXISTS `Inventar`;

CREATE TABLE `Inventar` (
  `idInventar` int(11) NOT NULL AUTO_INCREMENT,
  `idGame` int(11) NOT NULL,
  `idItem` int(11) NOT NULL,
  `UserId` int(11) NOT NULL,
  PRIMARY KEY (`idInventar`)
) ENGINE=InnoDB AUTO_INCREMENT=101 DEFAULT CHARSET=utf8mb4 COLLATE=utf8mb4_unicode_ci;

INSERT INTO `Inventar` (`idInventar`, `idGame`, `idItem`, `UserId`) VALUES (1, 33, 68, 62);
INSERT INTO `Inventar` (`idInventar`, `idGame`, `idItem`, `UserId`) VALUES (2, 70, 40, 11);
INSERT INTO `Inventar` (`idInventar`, `idGame`, `idItem`, `UserId`) VALUES (3, 57, 67, 90);
INSERT INTO `Inventar` (`idInventar`, `idGame`, `idItem`, `UserId`) VALUES (4, 84, 43, 75);
INSERT INTO `Inventar` (`idInventar`, `idGame`, `idItem`, `UserId`) VALUES (5, 41, 12, 13);
INSERT INTO `Inventar` (`idInventar`, `idGame`, `idItem`, `UserId`) VALUES (6, 63, 49, 33);
INSERT INTO `Inventar` (`idInventar`, `idGame`, `idItem`, `UserId`) VALUES (7, 99, 97, 32);
INSERT INTO `Inventar` (`idInventar`, `idGame`, `idItem`, `UserId`) VALUES (8, 36, 38, 37);
INSERT INTO `Inventar` (`idInventar`, `idGame`, `idItem`, `UserId`) VALUES (9, 56, 29, 8);
INSERT INTO `Inventar` (`idInventar`, `idGame`, `idItem`, `UserId`) VALUES (10, 60, 90, 96);
INSERT INTO `Inventar` (`idInventar`, `idGame`, `idItem`, `UserId`) VALUES (11, 96, 23, 64);
INSERT INTO `Inventar` (`idInventar`, `idGame`, `idItem`, `UserId`) VALUES (12, 58, 92, 3);
INSERT INTO `Inventar` (`idInventar`, `idGame`, `idItem`, `UserId`) VALUES (13, 68, 49, 69);
INSERT INTO `Inventar` (`idInventar`, `idGame`, `idItem`, `UserId`) VALUES (14, 58, 33, 11);
INSERT INTO `Inventar` (`idInventar`, `idGame`, `idItem`, `UserId`) VALUES (15, 33, 74, 23);
INSERT INTO `Inventar` (`idInventar`, `idGame`, `idItem`, `UserId`) VALUES (16, 45, 36, 72);
INSERT INTO `Inventar` (`idInventar`, `idGame`, `idItem`, `UserId`) VALUES (17, 77, 35, 69);
INSERT INTO `Inventar` (`idInventar`, `idGame`, `idItem`, `UserId`) VALUES (18, 8, 70, 6);
INSERT INTO `Inventar` (`idInventar`, `idGame`, `idItem`, `UserId`) VALUES (19, 45, 26, 35);
INSERT INTO `Inventar` (`idInventar`, `idGame`, `idItem`, `UserId`) VALUES (20, 52, 86, 25);
INSERT INTO `Inventar` (`idInventar`, `idGame`, `idItem`, `UserId`) VALUES (21, 48, 82, 47);
INSERT INTO `Inventar` (`idInventar`, `idGame`, `idItem`, `UserId`) VALUES (22, 11, 39, 39);
INSERT INTO `Inventar` (`idInventar`, `idGame`, `idItem`, `UserId`) VALUES (23, 14, 7, 88);
INSERT INTO `Inventar` (`idInventar`, `idGame`, `idItem`, `UserId`) VALUES (24, 82, 64, 21);
INSERT INTO `Inventar` (`idInventar`, `idGame`, `idItem`, `UserId`) VALUES (25, 93, 96, 94);
INSERT INTO `Inventar` (`idInventar`, `idGame`, `idItem`, `UserId`) VALUES (26, 16, 41, 30);
INSERT INTO `Inventar` (`idInventar`, `idGame`, `idItem`, `UserId`) VALUES (27, 87, 17, 64);
INSERT INTO `Inventar` (`idInventar`, `idGame`, `idItem`, `UserId`) VALUES (28, 55, 25, 34);
INSERT INTO `Inventar` (`idInventar`, `idGame`, `idItem`, `UserId`) VALUES (29, 61, 69, 59);
INSERT INTO `Inventar` (`idInventar`, `idGame`, `idItem`, `UserId`) VALUES (30, 96, 20, 45);
INSERT INTO `Inventar` (`idInventar`, `idGame`, `idItem`, `UserId`) VALUES (31, 21, 67, 26);
INSERT INTO `Inventar` (`idInventar`, `idGame`, `idItem`, `UserId`) VALUES (32, 67, 78, 64);
INSERT INTO `Inventar` (`idInventar`, `idGame`, `idItem`, `UserId`) VALUES (33, 6, 91, 70);
INSERT INTO `Inventar` (`idInventar`, `idGame`, `idItem`, `UserId`) VALUES (34, 94, 73, 34);
INSERT INTO `Inventar` (`idInventar`, `idGame`, `idItem`, `UserId`) VALUES (35, 14, 65, 30);
INSERT INTO `Inventar` (`idInventar`, `idGame`, `idItem`, `UserId`) VALUES (36, 8, 81, 70);
INSERT INTO `Inventar` (`idInventar`, `idGame`, `idItem`, `UserId`) VALUES (37, 38, 68, 87);
INSERT INTO `Inventar` (`idInventar`, `idGame`, `idItem`, `UserId`) VALUES (38, 2, 22, 11);
INSERT INTO `Inventar` (`idInventar`, `idGame`, `idItem`, `UserId`) VALUES (39, 35, 83, 79);
INSERT INTO `Inventar` (`idInventar`, `idGame`, `idItem`, `UserId`) VALUES (40, 94, 78, 99);
INSERT INTO `Inventar` (`idInventar`, `idGame`, `idItem`, `UserId`) VALUES (41, 38, 98, 66);
INSERT INTO `Inventar` (`idInventar`, `idGame`, `idItem`, `UserId`) VALUES (42, 64, 65, 43);
INSERT INTO `Inventar` (`idInventar`, `idGame`, `idItem`, `UserId`) VALUES (43, 28, 71, 33);
INSERT INTO `Inventar` (`idInventar`, `idGame`, `idItem`, `UserId`) VALUES (44, 97, 65, 5);
INSERT INTO `Inventar` (`idInventar`, `idGame`, `idItem`, `UserId`) VALUES (45, 31, 79, 70);
INSERT INTO `Inventar` (`idInventar`, `idGame`, `idItem`, `UserId`) VALUES (46, 60, 86, 50);
INSERT INTO `Inventar` (`idInventar`, `idGame`, `idItem`, `UserId`) VALUES (47, 30, 24, 17);
INSERT INTO `Inventar` (`idInventar`, `idGame`, `idItem`, `UserId`) VALUES (48, 16, 25, 39);
INSERT INTO `Inventar` (`idInventar`, `idGame`, `idItem`, `UserId`) VALUES (49, 27, 60, 22);
INSERT INTO `Inventar` (`idInventar`, `idGame`, `idItem`, `UserId`) VALUES (50, 6, 53, 100);
INSERT INTO `Inventar` (`idInventar`, `idGame`, `idItem`, `UserId`) VALUES (51, 4, 91, 98);
INSERT INTO `Inventar` (`idInventar`, `idGame`, `idItem`, `UserId`) VALUES (52, 69, 55, 63);
INSERT INTO `Inventar` (`idInventar`, `idGame`, `idItem`, `UserId`) VALUES (53, 11, 82, 33);
INSERT INTO `Inventar` (`idInventar`, `idGame`, `idItem`, `UserId`) VALUES (54, 44, 79, 98);
INSERT INTO `Inventar` (`idInventar`, `idGame`, `idItem`, `UserId`) VALUES (55, 48, 9, 76);
INSERT INTO `Inventar` (`idInventar`, `idGame`, `idItem`, `UserId`) VALUES (56, 18, 69, 61);
INSERT INTO `Inventar` (`idInventar`, `idGame`, `idItem`, `UserId`) VALUES (57, 67, 98, 85);
INSERT INTO `Inventar` (`idInventar`, `idGame`, `idItem`, `UserId`) VALUES (58, 84, 14, 9);
INSERT INTO `Inventar` (`idInventar`, `idGame`, `idItem`, `UserId`) VALUES (59, 23, 41, 69);
INSERT INTO `Inventar` (`idInventar`, `idGame`, `idItem`, `UserId`) VALUES (60, 44, 46, 21);
INSERT INTO `Inventar` (`idInventar`, `idGame`, `idItem`, `UserId`) VALUES (61, 43, 49, 12);
INSERT INTO `Inventar` (`idInventar`, `idGame`, `idItem`, `UserId`) VALUES (62, 40, 18, 67);
INSERT INTO `Inventar` (`idInventar`, `idGame`, `idItem`, `UserId`) VALUES (63, 2, 29, 48);
INSERT INTO `Inventar` (`idInventar`, `idGame`, `idItem`, `UserId`) VALUES (64, 35, 72, 26);
INSERT INTO `Inventar` (`idInventar`, `idGame`, `idItem`, `UserId`) VALUES (65, 32, 20, 34);
INSERT INTO `Inventar` (`idInventar`, `idGame`, `idItem`, `UserId`) VALUES (66, 7, 37, 2);
INSERT INTO `Inventar` (`idInventar`, `idGame`, `idItem`, `UserId`) VALUES (67, 68, 3, 100);
INSERT INTO `Inventar` (`idInventar`, `idGame`, `idItem`, `UserId`) VALUES (68, 52, 87, 14);
INSERT INTO `Inventar` (`idInventar`, `idGame`, `idItem`, `UserId`) VALUES (69, 61, 10, 54);
INSERT INTO `Inventar` (`idInventar`, `idGame`, `idItem`, `UserId`) VALUES (70, 29, 53, 99);
INSERT INTO `Inventar` (`idInventar`, `idGame`, `idItem`, `UserId`) VALUES (71, 50, 96, 48);
INSERT INTO `Inventar` (`idInventar`, `idGame`, `idItem`, `UserId`) VALUES (72, 62, 35, 65);
INSERT INTO `Inventar` (`idInventar`, `idGame`, `idItem`, `UserId`) VALUES (73, 28, 37, 94);
INSERT INTO `Inventar` (`idInventar`, `idGame`, `idItem`, `UserId`) VALUES (74, 75, 71, 65);
INSERT INTO `Inventar` (`idInventar`, `idGame`, `idItem`, `UserId`) VALUES (75, 1, 3, 84);
INSERT INTO `Inventar` (`idInventar`, `idGame`, `idItem`, `UserId`) VALUES (76, 34, 9, 20);
INSERT INTO `Inventar` (`idInventar`, `idGame`, `idItem`, `UserId`) VALUES (77, 36, 77, 23);
INSERT INTO `Inventar` (`idInventar`, `idGame`, `idItem`, `UserId`) VALUES (78, 36, 29, 10);
INSERT INTO `Inventar` (`idInventar`, `idGame`, `idItem`, `UserId`) VALUES (79, 50, 90, 19);
INSERT INTO `Inventar` (`idInventar`, `idGame`, `idItem`, `UserId`) VALUES (80, 3, 18, 71);
INSERT INTO `Inventar` (`idInventar`, `idGame`, `idItem`, `UserId`) VALUES (81, 2, 68, 67);
INSERT INTO `Inventar` (`idInventar`, `idGame`, `idItem`, `UserId`) VALUES (82, 50, 30, 1);
INSERT INTO `Inventar` (`idInventar`, `idGame`, `idItem`, `UserId`) VALUES (83, 15, 57, 38);
INSERT INTO `Inventar` (`idInventar`, `idGame`, `idItem`, `UserId`) VALUES (84, 8, 32, 8);
INSERT INTO `Inventar` (`idInventar`, `idGame`, `idItem`, `UserId`) VALUES (85, 72, 32, 10);
INSERT INTO `Inventar` (`idInventar`, `idGame`, `idItem`, `UserId`) VALUES (86, 56, 66, 19);
INSERT INTO `Inventar` (`idInventar`, `idGame`, `idItem`, `UserId`) VALUES (87, 76, 2, 96);
INSERT INTO `Inventar` (`idInventar`, `idGame`, `idItem`, `UserId`) VALUES (88, 98, 37, 24);
INSERT INTO `Inventar` (`idInventar`, `idGame`, `idItem`, `UserId`) VALUES (89, 8, 87, 13);
INSERT INTO `Inventar` (`idInventar`, `idGame`, `idItem`, `UserId`) VALUES (90, 26, 89, 31);
INSERT INTO `Inventar` (`idInventar`, `idGame`, `idItem`, `UserId`) VALUES (91, 97, 91, 99);
INSERT INTO `Inventar` (`idInventar`, `idGame`, `idItem`, `UserId`) VALUES (92, 63, 40, 28);
INSERT INTO `Inventar` (`idInventar`, `idGame`, `idItem`, `UserId`) VALUES (93, 64, 54, 85);
INSERT INTO `Inventar` (`idInventar`, `idGame`, `idItem`, `UserId`) VALUES (94, 1, 62, 17);
INSERT INTO `Inventar` (`idInventar`, `idGame`, `idItem`, `UserId`) VALUES (95, 9, 34, 48);
INSERT INTO `Inventar` (`idInventar`, `idGame`, `idItem`, `UserId`) VALUES (96, 19, 89, 14);
INSERT INTO `Inventar` (`idInventar`, `idGame`, `idItem`, `UserId`) VALUES (97, 37, 64, 15);
INSERT INTO `Inventar` (`idInventar`, `idGame`, `idItem`, `UserId`) VALUES (98, 33, 62, 52);
INSERT INTO `Inventar` (`idInventar`, `idGame`, `idItem`, `UserId`) VALUES (99, 56, 70, 38);
INSERT INTO `Inventar` (`idInventar`, `idGame`, `idItem`, `UserId`) VALUES (100, 69, 95, 27);


#
# TABLE STRUCTURE FOR: Item
#

DROP TABLE IF EXISTS `Item`;

CREATE TABLE `Item` (
  `idItem` int(11) NOT NULL AUTO_INCREMENT,
  `idGame` int(11) NOT NULL,
  `name` varchar(45) COLLATE utf8mb4_unicode_ci NOT NULL,
  `FomerOwner` varchar(45) COLLATE utf8mb4_unicode_ci NOT NULL,
  `NewOwner` varchar(45) COLLATE utf8mb4_unicode_ci NOT NULL,
  PRIMARY KEY (`idItem`)
) ENGINE=InnoDB AUTO_INCREMENT=101 DEFAULT CHARSET=utf8mb4 COLLATE=utf8mb4_unicode_ci;

INSERT INTO `Item` (`idItem`, `idGame`, `name`, `FomerOwner`, `NewOwner`) VALUES (1, 31, 'voluptate', 'Theo', 'Mekhi');
INSERT INTO `Item` (`idItem`, `idGame`, `name`, `FomerOwner`, `NewOwner`) VALUES (2, 26, 'velit', 'Johnathon', 'Reese');
INSERT INTO `Item` (`idItem`, `idGame`, `name`, `FomerOwner`, `NewOwner`) VALUES (3, 33, 'culpa', 'Charlie', 'Toby');
INSERT INTO `Item` (`idItem`, `idGame`, `name`, `FomerOwner`, `NewOwner`) VALUES (4, 67, 'voluptas', 'Quinn', 'Jedidiah');
INSERT INTO `Item` (`idItem`, `idGame`, `name`, `FomerOwner`, `NewOwner`) VALUES (5, 23, 'consequatur', 'Giles', 'Karl');
INSERT INTO `Item` (`idItem`, `idGame`, `name`, `FomerOwner`, `NewOwner`) VALUES (6, 9, 'iste', 'Maximillian', 'Malcolm');
INSERT INTO `Item` (`idItem`, `idGame`, `name`, `FomerOwner`, `NewOwner`) VALUES (7, 30, 'laborum', 'Garnett', 'Ward');
INSERT INTO `Item` (`idItem`, `idGame`, `name`, `FomerOwner`, `NewOwner`) VALUES (8, 39, 'suscipit', 'Doug', 'Robin');
INSERT INTO `Item` (`idItem`, `idGame`, `name`, `FomerOwner`, `NewOwner`) VALUES (9, 17, 'ut', 'Vernon', 'Rosendo');
INSERT INTO `Item` (`idItem`, `idGame`, `name`, `FomerOwner`, `NewOwner`) VALUES (10, 58, 'dolores', 'Jarred', 'Davon');
INSERT INTO `Item` (`idItem`, `idGame`, `name`, `FomerOwner`, `NewOwner`) VALUES (11, 6, 'cum', 'Terrill', 'Ralph');
INSERT INTO `Item` (`idItem`, `idGame`, `name`, `FomerOwner`, `NewOwner`) VALUES (12, 3, 'tempora', 'Richmond', 'Waino');
INSERT INTO `Item` (`idItem`, `idGame`, `name`, `FomerOwner`, `NewOwner`) VALUES (13, 2, 'ipsa', 'Jaylin', 'Garth');
INSERT INTO `Item` (`idItem`, `idGame`, `name`, `FomerOwner`, `NewOwner`) VALUES (14, 13, 'qui', 'Kacey', 'Brent');
INSERT INTO `Item` (`idItem`, `idGame`, `name`, `FomerOwner`, `NewOwner`) VALUES (15, 1, 'aspernatur', 'Patrick', 'Nolan');
INSERT INTO `Item` (`idItem`, `idGame`, `name`, `FomerOwner`, `NewOwner`) VALUES (16, 93, 'provident', 'Ewald', 'Stewart');
INSERT INTO `Item` (`idItem`, `idGame`, `name`, `FomerOwner`, `NewOwner`) VALUES (17, 22, 'et', 'Hubert', 'Melvina');
INSERT INTO `Item` (`idItem`, `idGame`, `name`, `FomerOwner`, `NewOwner`) VALUES (18, 70, 'quia', 'Fletcher', 'Hillard');
INSERT INTO `Item` (`idItem`, `idGame`, `name`, `FomerOwner`, `NewOwner`) VALUES (19, 51, 'et', 'Jo', 'Collin');
INSERT INTO `Item` (`idItem`, `idGame`, `name`, `FomerOwner`, `NewOwner`) VALUES (20, 97, 'ut', 'Mallory', 'Russ');
INSERT INTO `Item` (`idItem`, `idGame`, `name`, `FomerOwner`, `NewOwner`) VALUES (21, 18, 'ut', 'Wade', 'Rafael');
INSERT INTO `Item` (`idItem`, `idGame`, `name`, `FomerOwner`, `NewOwner`) VALUES (22, 89, 'aut', 'Brenden', 'Braden');
INSERT INTO `Item` (`idItem`, `idGame`, `name`, `FomerOwner`, `NewOwner`) VALUES (23, 39, 'ut', 'Karl', 'Garett');
INSERT INTO `Item` (`idItem`, `idGame`, `name`, `FomerOwner`, `NewOwner`) VALUES (24, 97, 'rerum', 'Osborne', 'Alphonso');
INSERT INTO `Item` (`idItem`, `idGame`, `name`, `FomerOwner`, `NewOwner`) VALUES (25, 40, 'voluptatem', 'Ervin', 'Jamison');
INSERT INTO `Item` (`idItem`, `idGame`, `name`, `FomerOwner`, `NewOwner`) VALUES (26, 17, 'quo', 'Irwin', 'Aiden');
INSERT INTO `Item` (`idItem`, `idGame`, `name`, `FomerOwner`, `NewOwner`) VALUES (27, 57, 'quo', 'Micah', 'Noah');
INSERT INTO `Item` (`idItem`, `idGame`, `name`, `FomerOwner`, `NewOwner`) VALUES (28, 16, 'delectus', 'Eli', 'Jordan');
INSERT INTO `Item` (`idItem`, `idGame`, `name`, `FomerOwner`, `NewOwner`) VALUES (29, 8, 'delectus', 'Damon', 'Brendan');
INSERT INTO `Item` (`idItem`, `idGame`, `name`, `FomerOwner`, `NewOwner`) VALUES (30, 43, 'esse', 'Cyril', 'Gonzalo');
INSERT INTO `Item` (`idItem`, `idGame`, `name`, `FomerOwner`, `NewOwner`) VALUES (31, 27, 'aut', 'Wilber', 'Mose');
INSERT INTO `Item` (`idItem`, `idGame`, `name`, `FomerOwner`, `NewOwner`) VALUES (32, 39, 'dolor', 'Roscoe', 'Trenton');
INSERT INTO `Item` (`idItem`, `idGame`, `name`, `FomerOwner`, `NewOwner`) VALUES (33, 68, 'et', 'Frederik', 'Eino');
INSERT INTO `Item` (`idItem`, `idGame`, `name`, `FomerOwner`, `NewOwner`) VALUES (34, 60, 'consequatur', 'Cleve', 'Braeden');
INSERT INTO `Item` (`idItem`, `idGame`, `name`, `FomerOwner`, `NewOwner`) VALUES (35, 6, 'ullam', 'Clifton', 'Kiel');
INSERT INTO `Item` (`idItem`, `idGame`, `name`, `FomerOwner`, `NewOwner`) VALUES (36, 90, 'ratione', 'Merritt', 'Keanu');
INSERT INTO `Item` (`idItem`, `idGame`, `name`, `FomerOwner`, `NewOwner`) VALUES (37, 68, 'autem', 'Golden', 'David');
INSERT INTO `Item` (`idItem`, `idGame`, `name`, `FomerOwner`, `NewOwner`) VALUES (38, 35, 'nam', 'Jaden', 'Elmore');
INSERT INTO `Item` (`idItem`, `idGame`, `name`, `FomerOwner`, `NewOwner`) VALUES (39, 28, 'aliquam', 'Jermey', 'Muhammad');
INSERT INTO `Item` (`idItem`, `idGame`, `name`, `FomerOwner`, `NewOwner`) VALUES (40, 85, 'sunt', 'Camryn', 'Kadin');
INSERT INTO `Item` (`idItem`, `idGame`, `name`, `FomerOwner`, `NewOwner`) VALUES (41, 93, 'aspernatur', 'Brennan', 'Christ');
INSERT INTO `Item` (`idItem`, `idGame`, `name`, `FomerOwner`, `NewOwner`) VALUES (42, 34, 'expedita', 'Jerome', 'Bud');
INSERT INTO `Item` (`idItem`, `idGame`, `name`, `FomerOwner`, `NewOwner`) VALUES (43, 88, 'ab', 'Osbaldo', 'Parker');
INSERT INTO `Item` (`idItem`, `idGame`, `name`, `FomerOwner`, `NewOwner`) VALUES (44, 95, 'est', 'Buford', 'Jaden');
INSERT INTO `Item` (`idItem`, `idGame`, `name`, `FomerOwner`, `NewOwner`) VALUES (45, 46, 'voluptatem', 'Claude', 'Gay');
INSERT INTO `Item` (`idItem`, `idGame`, `name`, `FomerOwner`, `NewOwner`) VALUES (46, 89, 'accusantium', 'Harley', 'Tom');
INSERT INTO `Item` (`idItem`, `idGame`, `name`, `FomerOwner`, `NewOwner`) VALUES (47, 87, 'aut', 'Lowell', 'Johathan');
INSERT INTO `Item` (`idItem`, `idGame`, `name`, `FomerOwner`, `NewOwner`) VALUES (48, 68, 'facere', 'Lazaro', 'Geovanni');
INSERT INTO `Item` (`idItem`, `idGame`, `name`, `FomerOwner`, `NewOwner`) VALUES (49, 58, 'dolor', 'Trevor', 'Amani');
INSERT INTO `Item` (`idItem`, `idGame`, `name`, `FomerOwner`, `NewOwner`) VALUES (50, 37, 'voluptatem', 'Deondre', 'Walter');
INSERT INTO `Item` (`idItem`, `idGame`, `name`, `FomerOwner`, `NewOwner`) VALUES (51, 65, 'eveniet', 'Parker', 'Uriel');
INSERT INTO `Item` (`idItem`, `idGame`, `name`, `FomerOwner`, `NewOwner`) VALUES (52, 76, 'autem', 'Bret', 'Saige');
INSERT INTO `Item` (`idItem`, `idGame`, `name`, `FomerOwner`, `NewOwner`) VALUES (53, 26, 'temporibus', 'Graham', 'Domenico');
INSERT INTO `Item` (`idItem`, `idGame`, `name`, `FomerOwner`, `NewOwner`) VALUES (54, 3, 'ut', 'Bill', 'Filiberto');
INSERT INTO `Item` (`idItem`, `idGame`, `name`, `FomerOwner`, `NewOwner`) VALUES (55, 72, 'cum', 'Orville', 'Douglas');
INSERT INTO `Item` (`idItem`, `idGame`, `name`, `FomerOwner`, `NewOwner`) VALUES (56, 65, 'eveniet', 'Dax', 'Mason');
INSERT INTO `Item` (`idItem`, `idGame`, `name`, `FomerOwner`, `NewOwner`) VALUES (57, 19, 'impedit', 'Ezekiel', 'Newell');
INSERT INTO `Item` (`idItem`, `idGame`, `name`, `FomerOwner`, `NewOwner`) VALUES (58, 28, 'voluptas', 'Tre', 'Carey');
INSERT INTO `Item` (`idItem`, `idGame`, `name`, `FomerOwner`, `NewOwner`) VALUES (59, 81, 'sint', 'Madyson', 'Ralph');
INSERT INTO `Item` (`idItem`, `idGame`, `name`, `FomerOwner`, `NewOwner`) VALUES (60, 27, 'hic', 'Leland', 'Hayley');
INSERT INTO `Item` (`idItem`, `idGame`, `name`, `FomerOwner`, `NewOwner`) VALUES (61, 70, 'necessitatibus', 'Murphy', 'Baron');
INSERT INTO `Item` (`idItem`, `idGame`, `name`, `FomerOwner`, `NewOwner`) VALUES (62, 8, 'nemo', 'Dagmar', 'Adrian');
INSERT INTO `Item` (`idItem`, `idGame`, `name`, `FomerOwner`, `NewOwner`) VALUES (63, 65, 'possimus', 'Judah', 'Winfield');
INSERT INTO `Item` (`idItem`, `idGame`, `name`, `FomerOwner`, `NewOwner`) VALUES (64, 38, 'earum', 'Dion', 'Keven');
INSERT INTO `Item` (`idItem`, `idGame`, `name`, `FomerOwner`, `NewOwner`) VALUES (65, 68, 'hic', 'Aiden', 'Rodger');
INSERT INTO `Item` (`idItem`, `idGame`, `name`, `FomerOwner`, `NewOwner`) VALUES (66, 70, 'veniam', 'Otto', 'Russel');
INSERT INTO `Item` (`idItem`, `idGame`, `name`, `FomerOwner`, `NewOwner`) VALUES (67, 28, 'et', 'Hilton', 'Pete');
INSERT INTO `Item` (`idItem`, `idGame`, `name`, `FomerOwner`, `NewOwner`) VALUES (68, 36, 'laboriosam', 'Alejandrin', 'Alden');
INSERT INTO `Item` (`idItem`, `idGame`, `name`, `FomerOwner`, `NewOwner`) VALUES (69, 5, 'dolores', 'Scottie', 'Toni');
INSERT INTO `Item` (`idItem`, `idGame`, `name`, `FomerOwner`, `NewOwner`) VALUES (70, 55, 'perferendis', 'Chadd', 'Nicolas');
INSERT INTO `Item` (`idItem`, `idGame`, `name`, `FomerOwner`, `NewOwner`) VALUES (71, 20, 'corrupti', 'Kayleigh', 'Wayne');
INSERT INTO `Item` (`idItem`, `idGame`, `name`, `FomerOwner`, `NewOwner`) VALUES (72, 97, 'eligendi', 'Jo', 'Arnoldo');
INSERT INTO `Item` (`idItem`, `idGame`, `name`, `FomerOwner`, `NewOwner`) VALUES (73, 88, 'molestiae', 'Seamus', 'Adriel');
INSERT INTO `Item` (`idItem`, `idGame`, `name`, `FomerOwner`, `NewOwner`) VALUES (74, 7, 'voluptate', 'Emanuel', 'Korey');
INSERT INTO `Item` (`idItem`, `idGame`, `name`, `FomerOwner`, `NewOwner`) VALUES (75, 91, 'eius', 'Al', 'Sonny');
INSERT INTO `Item` (`idItem`, `idGame`, `name`, `FomerOwner`, `NewOwner`) VALUES (76, 34, 'commodi', 'Don', 'Travis');
INSERT INTO `Item` (`idItem`, `idGame`, `name`, `FomerOwner`, `NewOwner`) VALUES (77, 95, 'voluptatum', 'Hubert', 'Orland');
INSERT INTO `Item` (`idItem`, `idGame`, `name`, `FomerOwner`, `NewOwner`) VALUES (78, 77, 'vel', 'Chaz', 'Herman');
INSERT INTO `Item` (`idItem`, `idGame`, `name`, `FomerOwner`, `NewOwner`) VALUES (79, 1, 'quia', 'Jaylen', 'Ryan');
INSERT INTO `Item` (`idItem`, `idGame`, `name`, `FomerOwner`, `NewOwner`) VALUES (80, 53, 'sapiente', 'Stanley', 'Jaime');
INSERT INTO `Item` (`idItem`, `idGame`, `name`, `FomerOwner`, `NewOwner`) VALUES (81, 14, 'officiis', 'Reginald', 'Michael');
INSERT INTO `Item` (`idItem`, `idGame`, `name`, `FomerOwner`, `NewOwner`) VALUES (82, 65, 'aspernatur', 'Olin', 'Kody');
INSERT INTO `Item` (`idItem`, `idGame`, `name`, `FomerOwner`, `NewOwner`) VALUES (83, 28, 'possimus', 'Jessy', 'Elbert');
INSERT INTO `Item` (`idItem`, `idGame`, `name`, `FomerOwner`, `NewOwner`) VALUES (84, 39, 'blanditiis', 'Wilford', 'Jerald');
INSERT INTO `Item` (`idItem`, `idGame`, `name`, `FomerOwner`, `NewOwner`) VALUES (85, 67, 'cupiditate', 'Cesar', 'Marlon');
INSERT INTO `Item` (`idItem`, `idGame`, `name`, `FomerOwner`, `NewOwner`) VALUES (86, 100, 'impedit', 'Hudson', 'Jaiden');
INSERT INTO `Item` (`idItem`, `idGame`, `name`, `FomerOwner`, `NewOwner`) VALUES (87, 4, 'accusantium', 'Oral', 'Jadon');
INSERT INTO `Item` (`idItem`, `idGame`, `name`, `FomerOwner`, `NewOwner`) VALUES (88, 86, 'consequatur', 'Emilio', 'Hilton');
INSERT INTO `Item` (`idItem`, `idGame`, `name`, `FomerOwner`, `NewOwner`) VALUES (89, 27, 'id', 'Philip', 'Wilbert');
INSERT INTO `Item` (`idItem`, `idGame`, `name`, `FomerOwner`, `NewOwner`) VALUES (90, 85, 'voluptatem', 'Jonas', 'Ashton');
INSERT INTO `Item` (`idItem`, `idGame`, `name`, `FomerOwner`, `NewOwner`) VALUES (91, 12, 'iusto', 'Ahmed', 'Kolby');
INSERT INTO `Item` (`idItem`, `idGame`, `name`, `FomerOwner`, `NewOwner`) VALUES (92, 97, 'nulla', 'Jean', 'Vincent');
INSERT INTO `Item` (`idItem`, `idGame`, `name`, `FomerOwner`, `NewOwner`) VALUES (93, 93, 'labore', 'Eric', 'Stanley');
INSERT INTO `Item` (`idItem`, `idGame`, `name`, `FomerOwner`, `NewOwner`) VALUES (94, 77, 'ut', 'Toby', 'Uriah');
INSERT INTO `Item` (`idItem`, `idGame`, `name`, `FomerOwner`, `NewOwner`) VALUES (95, 34, 'ratione', 'Halle', 'Gordon');
INSERT INTO `Item` (`idItem`, `idGame`, `name`, `FomerOwner`, `NewOwner`) VALUES (96, 60, 'voluptas', 'Sim', 'Ezekiel');
INSERT INTO `Item` (`idItem`, `idGame`, `name`, `FomerOwner`, `NewOwner`) VALUES (97, 47, 'itaque', 'Jerrell', 'Emil');
INSERT INTO `Item` (`idItem`, `idGame`, `name`, `FomerOwner`, `NewOwner`) VALUES (98, 61, 'aut', 'Alexzander', 'Casimir');
INSERT INTO `Item` (`idItem`, `idGame`, `name`, `FomerOwner`, `NewOwner`) VALUES (99, 95, 'dolorem', 'Rollin', 'Will');
INSERT INTO `Item` (`idItem`, `idGame`, `name`, `FomerOwner`, `NewOwner`) VALUES (100, 51, 'quidem', 'Camron', 'Landen');


#
# TABLE STRUCTURE FOR: Profile
#

DROP TABLE IF EXISTS `Profile`;

CREATE TABLE `Profile` (
  `idProfile` int(11) NOT NULL AUTO_INCREMENT,
  `name` varchar(45) COLLATE utf8mb4_unicode_ci NOT NULL,
  `country` varchar(45) COLLATE utf8mb4_unicode_ci NOT NULL,
  `idUser` int(11) NOT NULL,
  `level` int(11) NOT NULL,
  PRIMARY KEY (`idProfile`)
) ENGINE=InnoDB AUTO_INCREMENT=101 DEFAULT CHARSET=utf8mb4 COLLATE=utf8mb4_unicode_ci;

INSERT INTO `Profile` (`idProfile`, `name`, `country`, `idUser`, `level`) VALUES (1, 'Birdie Price', 'Saint Kitts and Nevis', 84, 3);
INSERT INTO `Profile` (`idProfile`, `name`, `country`, `idUser`, `level`) VALUES (2, 'Alisha Pfeffer I', 'Estonia', 3, 5);
INSERT INTO `Profile` (`idProfile`, `name`, `country`, `idUser`, `level`) VALUES (3, 'Duncan Ankunding', 'Pitcairn Islands', 63, 5);
INSERT INTO `Profile` (`idProfile`, `name`, `country`, `idUser`, `level`) VALUES (4, 'Damien Ward', 'Cape Verde', 89, 5);
INSERT INTO `Profile` (`idProfile`, `name`, `country`, `idUser`, `level`) VALUES (5, 'Mr. Hayley Rohan', 'Martinique', 91, 6);
INSERT INTO `Profile` (`idProfile`, `name`, `country`, `idUser`, `level`) VALUES (6, 'Darlene Konopelski DVM', 'Liechtenstein', 12, 5);
INSERT INTO `Profile` (`idProfile`, `name`, `country`, `idUser`, `level`) VALUES (7, 'Adrianna Nikolaus', 'Israel', 17, 1);
INSERT INTO `Profile` (`idProfile`, `name`, `country`, `idUser`, `level`) VALUES (8, 'Electa Hagenes', 'Germany', 91, 7);
INSERT INTO `Profile` (`idProfile`, `name`, `country`, `idUser`, `level`) VALUES (9, 'Candido Mayert', 'Sweden', 64, 2);
INSERT INTO `Profile` (`idProfile`, `name`, `country`, `idUser`, `level`) VALUES (10, 'Melvina Crooks V', 'Guyana', 17, 9);
INSERT INTO `Profile` (`idProfile`, `name`, `country`, `idUser`, `level`) VALUES (11, 'Prof. Osborne Jacobs PhD', 'Libyan Arab Jamahiriya', 77, 7);
INSERT INTO `Profile` (`idProfile`, `name`, `country`, `idUser`, `level`) VALUES (12, 'Maximus Schamberger I', 'Moldova', 38, 5);
INSERT INTO `Profile` (`idProfile`, `name`, `country`, `idUser`, `level`) VALUES (13, 'Dedrick Weber', 'Faroe Islands', 39, 4);
INSERT INTO `Profile` (`idProfile`, `name`, `country`, `idUser`, `level`) VALUES (14, 'Ardith Botsford', 'Mongolia', 29, 8);
INSERT INTO `Profile` (`idProfile`, `name`, `country`, `idUser`, `level`) VALUES (15, 'Lafayette Von', 'Sao Tome and Principe', 10, 7);
INSERT INTO `Profile` (`idProfile`, `name`, `country`, `idUser`, `level`) VALUES (16, 'Aliza Stoltenberg Jr.', 'Belgium', 75, 6);
INSERT INTO `Profile` (`idProfile`, `name`, `country`, `idUser`, `level`) VALUES (17, 'Ms. Stacy Kulas DDS', 'Egypt', 66, 6);
INSERT INTO `Profile` (`idProfile`, `name`, `country`, `idUser`, `level`) VALUES (18, 'Electa Grimes', 'Maldives', 75, 9);
INSERT INTO `Profile` (`idProfile`, `name`, `country`, `idUser`, `level`) VALUES (19, 'Tobin Dibbert', 'Guadeloupe', 10, 4);
INSERT INTO `Profile` (`idProfile`, `name`, `country`, `idUser`, `level`) VALUES (20, 'Kurt Goldner', 'Palestinian Territory', 59, 8);
INSERT INTO `Profile` (`idProfile`, `name`, `country`, `idUser`, `level`) VALUES (21, 'Dr. Amari Bayer', 'Saint Helena', 12, 5);
INSERT INTO `Profile` (`idProfile`, `name`, `country`, `idUser`, `level`) VALUES (22, 'Paul Funk DVM', 'French Guiana', 40, 9);
INSERT INTO `Profile` (`idProfile`, `name`, `country`, `idUser`, `level`) VALUES (23, 'Devan Lemke', 'Niger', 38, 7);
INSERT INTO `Profile` (`idProfile`, `name`, `country`, `idUser`, `level`) VALUES (24, 'Nat Hudson', 'Madagascar', 92, 0);
INSERT INTO `Profile` (`idProfile`, `name`, `country`, `idUser`, `level`) VALUES (25, 'Prof. August Weimann', 'Iceland', 61, 2);
INSERT INTO `Profile` (`idProfile`, `name`, `country`, `idUser`, `level`) VALUES (26, 'Trystan Lind', 'Tunisia', 6, 9);
INSERT INTO `Profile` (`idProfile`, `name`, `country`, `idUser`, `level`) VALUES (27, 'Sunny Hessel IV', 'Ecuador', 62, 0);
INSERT INTO `Profile` (`idProfile`, `name`, `country`, `idUser`, `level`) VALUES (28, 'Everett Grant', 'Anguilla', 66, 9);
INSERT INTO `Profile` (`idProfile`, `name`, `country`, `idUser`, `level`) VALUES (29, 'Sterling Carroll', 'Yemen', 34, 3);
INSERT INTO `Profile` (`idProfile`, `name`, `country`, `idUser`, `level`) VALUES (30, 'Jonathon Brekke', 'Wallis and Futuna', 95, 3);
INSERT INTO `Profile` (`idProfile`, `name`, `country`, `idUser`, `level`) VALUES (31, 'Augustus Daniel', 'Jersey', 51, 7);
INSERT INTO `Profile` (`idProfile`, `name`, `country`, `idUser`, `level`) VALUES (32, 'Quinton Beahan', 'Serbia', 17, 8);
INSERT INTO `Profile` (`idProfile`, `name`, `country`, `idUser`, `level`) VALUES (33, 'Haskell Murazik', 'Guinea', 98, 4);
INSERT INTO `Profile` (`idProfile`, `name`, `country`, `idUser`, `level`) VALUES (34, 'Miracle Douglas', 'Kuwait', 13, 0);
INSERT INTO `Profile` (`idProfile`, `name`, `country`, `idUser`, `level`) VALUES (35, 'Daphne Goyette', 'Saint Kitts and Nevis', 6, 9);
INSERT INTO `Profile` (`idProfile`, `name`, `country`, `idUser`, `level`) VALUES (36, 'Ms. Daisy Ebert', 'Mexico', 89, 9);
INSERT INTO `Profile` (`idProfile`, `name`, `country`, `idUser`, `level`) VALUES (37, 'Bennie Frami II', 'Gabon', 24, 3);
INSERT INTO `Profile` (`idProfile`, `name`, `country`, `idUser`, `level`) VALUES (38, 'Jalon Schumm', 'Dominica', 23, 4);
INSERT INTO `Profile` (`idProfile`, `name`, `country`, `idUser`, `level`) VALUES (39, 'Wendy Hermann V', 'Martinique', 80, 5);
INSERT INTO `Profile` (`idProfile`, `name`, `country`, `idUser`, `level`) VALUES (40, 'Dr. Abagail Senger V', 'Grenada', 88, 4);
INSERT INTO `Profile` (`idProfile`, `name`, `country`, `idUser`, `level`) VALUES (41, 'Jeanie White', 'Tajikistan', 40, 0);
INSERT INTO `Profile` (`idProfile`, `name`, `country`, `idUser`, `level`) VALUES (42, 'Carissa Considine III', 'United States Minor Outlying Islands', 56, 2);
INSERT INTO `Profile` (`idProfile`, `name`, `country`, `idUser`, `level`) VALUES (43, 'Prof. Ole Stiedemann IV', 'Algeria', 25, 1);
INSERT INTO `Profile` (`idProfile`, `name`, `country`, `idUser`, `level`) VALUES (44, 'Marion Schaden', 'Peru', 78, 0);
INSERT INTO `Profile` (`idProfile`, `name`, `country`, `idUser`, `level`) VALUES (45, 'Korbin Reinger PhD', 'Slovakia (Slovak Republic)', 84, 3);
INSERT INTO `Profile` (`idProfile`, `name`, `country`, `idUser`, `level`) VALUES (46, 'Prof. Zander Spinka Sr.', 'Wallis and Futuna', 35, 2);
INSERT INTO `Profile` (`idProfile`, `name`, `country`, `idUser`, `level`) VALUES (47, 'Clifford Welch DVM', 'Uzbekistan', 52, 9);
INSERT INTO `Profile` (`idProfile`, `name`, `country`, `idUser`, `level`) VALUES (48, 'Lance Boyer', 'Argentina', 50, 9);
INSERT INTO `Profile` (`idProfile`, `name`, `country`, `idUser`, `level`) VALUES (49, 'Eileen Wiza', 'Estonia', 10, 8);
INSERT INTO `Profile` (`idProfile`, `name`, `country`, `idUser`, `level`) VALUES (50, 'Sheridan Medhurst', 'Fiji', 62, 0);
INSERT INTO `Profile` (`idProfile`, `name`, `country`, `idUser`, `level`) VALUES (51, 'Mrs. Hattie Graham Sr.', 'Albania', 8, 7);
INSERT INTO `Profile` (`idProfile`, `name`, `country`, `idUser`, `level`) VALUES (52, 'Prof. Rudy Mertz', 'Jersey', 21, 5);
INSERT INTO `Profile` (`idProfile`, `name`, `country`, `idUser`, `level`) VALUES (53, 'Pedro Aufderhar II', 'Bolivia', 1, 0);
INSERT INTO `Profile` (`idProfile`, `name`, `country`, `idUser`, `level`) VALUES (54, 'Prof. Vivien Osinski Jr.', 'Tonga', 45, 6);
INSERT INTO `Profile` (`idProfile`, `name`, `country`, `idUser`, `level`) VALUES (55, 'Ali Stark', 'Mayotte', 13, 1);
INSERT INTO `Profile` (`idProfile`, `name`, `country`, `idUser`, `level`) VALUES (56, 'Deven McKenzie', 'Mayotte', 61, 6);
INSERT INTO `Profile` (`idProfile`, `name`, `country`, `idUser`, `level`) VALUES (57, 'Maximo Funk', 'Sierra Leone', 51, 2);
INSERT INTO `Profile` (`idProfile`, `name`, `country`, `idUser`, `level`) VALUES (58, 'Hulda Kemmer Jr.', 'Bouvet Island (Bouvetoya)', 75, 7);
INSERT INTO `Profile` (`idProfile`, `name`, `country`, `idUser`, `level`) VALUES (59, 'Layne Pacocha', 'Zambia', 27, 3);
INSERT INTO `Profile` (`idProfile`, `name`, `country`, `idUser`, `level`) VALUES (60, 'Jaden West', 'Algeria', 84, 7);
INSERT INTO `Profile` (`idProfile`, `name`, `country`, `idUser`, `level`) VALUES (61, 'Faye Hermann', 'Tuvalu', 70, 7);
INSERT INTO `Profile` (`idProfile`, `name`, `country`, `idUser`, `level`) VALUES (62, 'Aliza Bednar V', 'Austria', 77, 9);
INSERT INTO `Profile` (`idProfile`, `name`, `country`, `idUser`, `level`) VALUES (63, 'Malvina Crona', 'Venezuela', 1, 3);
INSERT INTO `Profile` (`idProfile`, `name`, `country`, `idUser`, `level`) VALUES (64, 'Kayleigh Kozey', 'Honduras', 67, 0);
INSERT INTO `Profile` (`idProfile`, `name`, `country`, `idUser`, `level`) VALUES (65, 'Lawson Mayert', 'Italy', 90, 4);
INSERT INTO `Profile` (`idProfile`, `name`, `country`, `idUser`, `level`) VALUES (66, 'Maryse Strosin', 'Senegal', 7, 8);
INSERT INTO `Profile` (`idProfile`, `name`, `country`, `idUser`, `level`) VALUES (67, 'Art Corkery', 'India', 56, 8);
INSERT INTO `Profile` (`idProfile`, `name`, `country`, `idUser`, `level`) VALUES (68, 'Caitlyn McCullough IV', 'Gambia', 13, 6);
INSERT INTO `Profile` (`idProfile`, `name`, `country`, `idUser`, `level`) VALUES (69, 'Easter Cummerata', 'Barbados', 29, 1);
INSERT INTO `Profile` (`idProfile`, `name`, `country`, `idUser`, `level`) VALUES (70, 'Lindsay Gutmann', 'Venezuela', 36, 8);
INSERT INTO `Profile` (`idProfile`, `name`, `country`, `idUser`, `level`) VALUES (71, 'Amelia Considine', 'Tuvalu', 1, 2);
INSERT INTO `Profile` (`idProfile`, `name`, `country`, `idUser`, `level`) VALUES (72, 'Prof. Reece Crist DVM', 'Liechtenstein', 68, 4);
INSERT INTO `Profile` (`idProfile`, `name`, `country`, `idUser`, `level`) VALUES (73, 'Wendy Collins IV', 'Oman', 91, 6);
INSERT INTO `Profile` (`idProfile`, `name`, `country`, `idUser`, `level`) VALUES (74, 'Isaiah Lemke', 'Cook Islands', 26, 6);
INSERT INTO `Profile` (`idProfile`, `name`, `country`, `idUser`, `level`) VALUES (75, 'Reece Howe', 'Brunei Darussalam', 46, 4);
INSERT INTO `Profile` (`idProfile`, `name`, `country`, `idUser`, `level`) VALUES (76, 'Zakary Nienow', 'Mexico', 75, 1);
INSERT INTO `Profile` (`idProfile`, `name`, `country`, `idUser`, `level`) VALUES (77, 'Brandi Kihn', 'Azerbaijan', 60, 5);
INSERT INTO `Profile` (`idProfile`, `name`, `country`, `idUser`, `level`) VALUES (78, 'River Torp', 'Equatorial Guinea', 97, 3);
INSERT INTO `Profile` (`idProfile`, `name`, `country`, `idUser`, `level`) VALUES (79, 'Angeline Parisian', 'Cocos (Keeling) Islands', 24, 6);
INSERT INTO `Profile` (`idProfile`, `name`, `country`, `idUser`, `level`) VALUES (80, 'Prof. Ryann Crist II', 'Malta', 70, 2);
INSERT INTO `Profile` (`idProfile`, `name`, `country`, `idUser`, `level`) VALUES (81, 'Columbus Kertzmann', 'Sao Tome and Principe', 58, 8);
INSERT INTO `Profile` (`idProfile`, `name`, `country`, `idUser`, `level`) VALUES (82, 'Prof. Carey Franecki', 'Ghana', 32, 1);
INSERT INTO `Profile` (`idProfile`, `name`, `country`, `idUser`, `level`) VALUES (83, 'Norwood Connelly Sr.', 'Djibouti', 91, 9);
INSERT INTO `Profile` (`idProfile`, `name`, `country`, `idUser`, `level`) VALUES (84, 'Sophia Baumbach', 'Bhutan', 59, 1);
INSERT INTO `Profile` (`idProfile`, `name`, `country`, `idUser`, `level`) VALUES (85, 'Stanford Becker', 'Kiribati', 77, 2);
INSERT INTO `Profile` (`idProfile`, `name`, `country`, `idUser`, `level`) VALUES (86, 'Ms. Madge Kub', 'Heard Island and McDonald Islands', 3, 9);
INSERT INTO `Profile` (`idProfile`, `name`, `country`, `idUser`, `level`) VALUES (87, 'Euna Torp', 'Singapore', 19, 6);
INSERT INTO `Profile` (`idProfile`, `name`, `country`, `idUser`, `level`) VALUES (88, 'Helen Von', 'Taiwan', 27, 9);
INSERT INTO `Profile` (`idProfile`, `name`, `country`, `idUser`, `level`) VALUES (89, 'Prof. Kristy Zemlak I', 'Bahrain', 78, 2);
INSERT INTO `Profile` (`idProfile`, `name`, `country`, `idUser`, `level`) VALUES (90, 'Mr. Davonte Lang', 'Taiwan', 46, 4);
INSERT INTO `Profile` (`idProfile`, `name`, `country`, `idUser`, `level`) VALUES (91, 'Madge Borer', 'Mongolia', 11, 1);
INSERT INTO `Profile` (`idProfile`, `name`, `country`, `idUser`, `level`) VALUES (92, 'Otho Heathcote IV', 'Wallis and Futuna', 47, 7);
INSERT INTO `Profile` (`idProfile`, `name`, `country`, `idUser`, `level`) VALUES (93, 'Maya Mayer', 'Vietnam', 22, 3);
INSERT INTO `Profile` (`idProfile`, `name`, `country`, `idUser`, `level`) VALUES (94, 'Jimmy Mayer III', 'Angola', 12, 1);
INSERT INTO `Profile` (`idProfile`, `name`, `country`, `idUser`, `level`) VALUES (95, 'Vidal Armstrong', 'Solomon Islands', 14, 7);
INSERT INTO `Profile` (`idProfile`, `name`, `country`, `idUser`, `level`) VALUES (96, 'Isidro Kihn', 'Tonga', 11, 2);
INSERT INTO `Profile` (`idProfile`, `name`, `country`, `idUser`, `level`) VALUES (97, 'Mr. Doyle Conroy', 'Pitcairn Islands', 18, 7);
INSERT INTO `Profile` (`idProfile`, `name`, `country`, `idUser`, `level`) VALUES (98, 'Burley Grimes', 'Liechtenstein', 69, 2);
INSERT INTO `Profile` (`idProfile`, `name`, `country`, `idUser`, `level`) VALUES (99, 'Gustave Dooley', 'Belarus', 24, 3);
INSERT INTO `Profile` (`idProfile`, `name`, `country`, `idUser`, `level`) VALUES (100, 'Ashly White', 'United States of America', 47, 2);


#
# TABLE STRUCTURE FOR: User
#

DROP TABLE IF EXISTS `User`;

CREATE TABLE `User` (
  `idUser` int(11) NOT NULL AUTO_INCREMENT,
  `login` varchar(45) COLLATE utf8mb4_unicode_ci NOT NULL,
  `password` varchar(45) COLLATE utf8mb4_unicode_ci NOT NULL,
  PRIMARY KEY (`idUser`)
) ENGINE=InnoDB AUTO_INCREMENT=101 DEFAULT CHARSET=utf8mb4 COLLATE=utf8mb4_unicode_ci;

INSERT INTO `User` (`idUser`, `login`, `password`) VALUES (1, 'possimus', 'aca63bcf8d48541a55f3a06cf5c76050351df873');
INSERT INTO `User` (`idUser`, `login`, `password`) VALUES (2, 'eum', '5c20dac7d44932c1facbdcf5ed998efef756179e');
INSERT INTO `User` (`idUser`, `login`, `password`) VALUES (3, 'eaque', '601a48a0b230a3d9d0ec5f75906ceeb712509b3d');
INSERT INTO `User` (`idUser`, `login`, `password`) VALUES (4, 'non', '8e87d7592c146d418657e0330f72c41cdc3b0ef3');
INSERT INTO `User` (`idUser`, `login`, `password`) VALUES (5, 'et', '8667b05afb1849d226c21a35365626f9d32ff616');
INSERT INTO `User` (`idUser`, `login`, `password`) VALUES (6, 'illo', '04125b49b43bf29eb4b580b7542f569ac82918db');
INSERT INTO `User` (`idUser`, `login`, `password`) VALUES (7, 'blanditiis', 'b21351838b2e9170c8a1d862a4e848d0596f1ca1');
INSERT INTO `User` (`idUser`, `login`, `password`) VALUES (8, 'quisquam', '53e1c319bea66fa58b051272441ac7b154aae6ed');
INSERT INTO `User` (`idUser`, `login`, `password`) VALUES (9, 'iste', '649e3f5708ae324ee5084074b6a221a9706ba273');
INSERT INTO `User` (`idUser`, `login`, `password`) VALUES (10, 'omnis', '7969e3aed6801b757e305ccfc35f916824e3c93f');
INSERT INTO `User` (`idUser`, `login`, `password`) VALUES (11, 'accusantium', 'd6526aedf3fc4888fff1e993cc585ab859de6fe0');
INSERT INTO `User` (`idUser`, `login`, `password`) VALUES (12, 'doloremque', '2932a1a2ee8303801eaad3dbb16491e99f08c0fc');
INSERT INTO `User` (`idUser`, `login`, `password`) VALUES (13, 'culpa', '3c69859886d7fd659565f964da880d9ed14838c0');
INSERT INTO `User` (`idUser`, `login`, `password`) VALUES (14, 'cumque', '827d9b6b329be3f3cfe496bb9a4ebd923d20ffc0');
INSERT INTO `User` (`idUser`, `login`, `password`) VALUES (15, 'consequatur', '90683508be88773b5ae0e3f7236b4f73c36f242b');
INSERT INTO `User` (`idUser`, `login`, `password`) VALUES (16, 'quos', 'fcd1336b8850993c981c3e34c4551ab05b58c0cb');
INSERT INTO `User` (`idUser`, `login`, `password`) VALUES (17, 'ut', '20110486a48328dbab9158a4b34561f214cd9326');
INSERT INTO `User` (`idUser`, `login`, `password`) VALUES (18, 'sed', '0b353a77f07de1081fb9c5a5f8ffe5d6783c5c57');
INSERT INTO `User` (`idUser`, `login`, `password`) VALUES (19, 'animi', '7f2970e20b884b4d2f2fb05282a57b33a8e367a7');
INSERT INTO `User` (`idUser`, `login`, `password`) VALUES (20, 'quo', '568d9dab64256e021b823f944f3147db232bc677');
INSERT INTO `User` (`idUser`, `login`, `password`) VALUES (21, 'odit', 'f98b716751cb05c0a42d66bf28470d0d7e1db1eb');
INSERT INTO `User` (`idUser`, `login`, `password`) VALUES (22, 'enim', '17bb0c396e190e0a9488fac782673c1331201ef7');
INSERT INTO `User` (`idUser`, `login`, `password`) VALUES (23, 'nemo', '7890691688f6d12d3e5ef67bfeda115c9f5db550');
INSERT INTO `User` (`idUser`, `login`, `password`) VALUES (24, 'eligendi', '31b3fed3c6281d51f9d6e00f7c4366ae44da5736');
INSERT INTO `User` (`idUser`, `login`, `password`) VALUES (25, 'nam', '9c762e3ac0a7c403f1583afec73a38357095c0f8');
INSERT INTO `User` (`idUser`, `login`, `password`) VALUES (26, 'amet', 'b9ff5a52f8a4e79fa4d59fbd9a59a7e6886e89ef');
INSERT INTO `User` (`idUser`, `login`, `password`) VALUES (27, 'deserunt', '08ba0d408e33e619b579d900180bfdc610a866a5');
INSERT INTO `User` (`idUser`, `login`, `password`) VALUES (28, 'molestias', '7f84ff52026d909dcafe7805245aacbcff2d7ffb');
INSERT INTO `User` (`idUser`, `login`, `password`) VALUES (29, 'aut', 'c719d9e5e9e4be1672e52d7e8cec2f94ebb24c1a');
INSERT INTO `User` (`idUser`, `login`, `password`) VALUES (30, 'qui', '1bc883fd3b006ac653f19cd0839de584903822e2');
INSERT INTO `User` (`idUser`, `login`, `password`) VALUES (31, 'harum', '48e40e0f86c5bc67f0b6db5ffa5f1b2fd20c7ad9');
INSERT INTO `User` (`idUser`, `login`, `password`) VALUES (32, 'expedita', '1b3563748014ecedfc4f5637589a4bc813bd655e');
INSERT INTO `User` (`idUser`, `login`, `password`) VALUES (33, 'dolore', 'f0918dde562d7327ff1aeb84e5c7fc762f1984bf');
INSERT INTO `User` (`idUser`, `login`, `password`) VALUES (34, 'doloribus', '10b76e874734d4801166a148dcddd37ac066c8d9');
INSERT INTO `User` (`idUser`, `login`, `password`) VALUES (35, 'assumenda', '1f9d48dcb9e44fb983924459fa255ee5529b8d76');
INSERT INTO `User` (`idUser`, `login`, `password`) VALUES (36, 'quia', '0a6784736ed907ce3286bce9ebe09843107f13ad');
INSERT INTO `User` (`idUser`, `login`, `password`) VALUES (37, 'dolorem', '6b12d1ebeae40fdc26f96dbb17fc408a9c5b4a22');
INSERT INTO `User` (`idUser`, `login`, `password`) VALUES (38, 'natus', '69c71b2625b4dbd64ce5739ce3d083ae77edfef1');
INSERT INTO `User` (`idUser`, `login`, `password`) VALUES (39, 'tempore', 'e00fb42425b23b92ee36ab89658530a5df8b5fb3');
INSERT INTO `User` (`idUser`, `login`, `password`) VALUES (40, 'libero', '71a636662f6ce50a355bb44a0123bc836b218948');
INSERT INTO `User` (`idUser`, `login`, `password`) VALUES (41, 'alias', '951b115072f1aac4c14179b1833c11959c9a6b3e');
INSERT INTO `User` (`idUser`, `login`, `password`) VALUES (42, 'ullam', '3a2032eb08275e3f74ee17860fbee96f68acb70f');
INSERT INTO `User` (`idUser`, `login`, `password`) VALUES (43, 'velit', '5c80747c646b70f6b336d15468bfaa8b8cdb193a');
INSERT INTO `User` (`idUser`, `login`, `password`) VALUES (44, 'soluta', '7aabb064d7d09793d13b97c54f6e343477e6fdb6');
INSERT INTO `User` (`idUser`, `login`, `password`) VALUES (45, 'voluptatem', '631c7f1cfeedba5774154607ef81c404b9a87855');
INSERT INTO `User` (`idUser`, `login`, `password`) VALUES (46, 'odio', 'bd30eab3fa13565e426f6621458bb7e75516bfdc');
INSERT INTO `User` (`idUser`, `login`, `password`) VALUES (47, 'fuga', '0e5d9260a15d8d6416cd5b97754f32b8c7fd61b4');
INSERT INTO `User` (`idUser`, `login`, `password`) VALUES (48, 'quis', '753a4853e9d511490b67f348377a8eb558be3bda');
INSERT INTO `User` (`idUser`, `login`, `password`) VALUES (49, 'quibusdam', '0e5464d403978ce289a04ee8840360616f143d92');
INSERT INTO `User` (`idUser`, `login`, `password`) VALUES (50, 'commodi', 'dff3b7b70dd8c2a9a466ccdf7b50404f98632d4e');
INSERT INTO `User` (`idUser`, `login`, `password`) VALUES (51, 'dicta', '267c710e675d1ef2249e537e22511ab90f8492c0');
INSERT INTO `User` (`idUser`, `login`, `password`) VALUES (52, 'autem', 'de5dea6d3bf39e579afd79a47d32dc980e6883cb');
INSERT INTO `User` (`idUser`, `login`, `password`) VALUES (53, 'aspernatur', '8ba9589eefb74219a61fc9661d2f12fb6b8f0fc0');
INSERT INTO `User` (`idUser`, `login`, `password`) VALUES (54, 'beatae', '86ff1f32a2ab89bf292973f2bbfd6384481432d1');
INSERT INTO `User` (`idUser`, `login`, `password`) VALUES (55, 'ducimus', 'aa1c22c3e1140c56f7c472e46b2e7269bcd52935');
INSERT INTO `User` (`idUser`, `login`, `password`) VALUES (56, 'voluptatibus', '403fc00118b29b01377d95a3ccb43b3be02ed840');
INSERT INTO `User` (`idUser`, `login`, `password`) VALUES (57, 'totam', 'df32d8d75d7d9f61f92f00272bf355b679a3eb84');
INSERT INTO `User` (`idUser`, `login`, `password`) VALUES (58, 'facere', '9ddd7d2da4e407ed4aaa72cea92936a583935cca');
INSERT INTO `User` (`idUser`, `login`, `password`) VALUES (59, 'corporis', '10b0f7c1af93c08d4d518591e80078c02cca5dcd');
INSERT INTO `User` (`idUser`, `login`, `password`) VALUES (60, 'illum', '458ea1b073cd6c37b5e4bab9f94e9c9b532db984');
INSERT INTO `User` (`idUser`, `login`, `password`) VALUES (61, 'placeat', '75116f46573be5b477be52bae3329a3a68ea4b24');
INSERT INTO `User` (`idUser`, `login`, `password`) VALUES (62, 'est', '4cceb32f578f39866e955997933cbacaba87be65');
INSERT INTO `User` (`idUser`, `login`, `password`) VALUES (63, 'quas', '00574d1176d546cddb1401a57623567d80058820');
INSERT INTO `User` (`idUser`, `login`, `password`) VALUES (64, 'explicabo', '509fc831b4f697224122847d4278b2f5c1e571ab');
INSERT INTO `User` (`idUser`, `login`, `password`) VALUES (65, 'veniam', '62a78761fff617d9cc873105d2797a636a8c7f60');
INSERT INTO `User` (`idUser`, `login`, `password`) VALUES (66, 'maxime', '05d1109ce089298f5eeae55467cca8586395fe77');
INSERT INTO `User` (`idUser`, `login`, `password`) VALUES (67, 'ratione', 'ce6e2e11ad4103ab00024cf0aa30f2f8cab53c45');
INSERT INTO `User` (`idUser`, `login`, `password`) VALUES (68, 'recusandae', 'd767a50bea91299b157a8e9623fdb0cae3fe1771');
INSERT INTO `User` (`idUser`, `login`, `password`) VALUES (69, 'similique', '5e7a6c87bf8f871d357c70716b436e923b8949b2');
INSERT INTO `User` (`idUser`, `login`, `password`) VALUES (70, 'ex', '72f71f208fb152a1704cfa4ef1fe389add579d4e');
INSERT INTO `User` (`idUser`, `login`, `password`) VALUES (71, 'aliquid', '34bc797e54d8bb698eb780f0f49fec454a34f48c');
INSERT INTO `User` (`idUser`, `login`, `password`) VALUES (72, 'consequuntur', '5e558e48c58386ae8d12d6927406c9acff6e26c7');
INSERT INTO `User` (`idUser`, `login`, `password`) VALUES (73, 'sit', '3da2f9c28773315652657b56f26243d0c442da0c');
INSERT INTO `User` (`idUser`, `login`, `password`) VALUES (74, 'deleniti', 'f528dfb373c63029adc133a0f66ee4dc68b07c83');
INSERT INTO `User` (`idUser`, `login`, `password`) VALUES (75, 'pariatur', '60bbfa550499967568c52b0d3d88c04fa318e3fb');
INSERT INTO `User` (`idUser`, `login`, `password`) VALUES (76, 'repudiandae', 'e3426730a4b96e45c491d13561da4dda80221874');
INSERT INTO `User` (`idUser`, `login`, `password`) VALUES (77, 'earum', '83c319286774d0785b58d4c1514e53e1429de6c2');
INSERT INTO `User` (`idUser`, `login`, `password`) VALUES (78, 'sint', '0b052172ddd10eaf5232c75713d75e4ae495efbc');
INSERT INTO `User` (`idUser`, `login`, `password`) VALUES (79, 'tenetur', '1a7ebf809b731d26dc15c2ee2b5928434c79fd6a');
INSERT INTO `User` (`idUser`, `login`, `password`) VALUES (80, 'laboriosam', 'fc44b773ff59c253f5e44f045e2c2a57086aeacf');
INSERT INTO `User` (`idUser`, `login`, `password`) VALUES (81, 'officia', '488a1d23c11ef9e94deacfb2fc57f2a0d5e4c24e');
INSERT INTO `User` (`idUser`, `login`, `password`) VALUES (82, 'nobis', 'a39c2af2c23447b8b7b188fc1a09cc87ccb161ec');
INSERT INTO `User` (`idUser`, `login`, `password`) VALUES (83, 'nisi', 'c1c8c8dc7de78c8593a35cff2e5f324bc8b21c57');
INSERT INTO `User` (`idUser`, `login`, `password`) VALUES (84, 'provident', 'b14866de367d94e721cbdbda1fb03244f2bb0324');
INSERT INTO `User` (`idUser`, `login`, `password`) VALUES (85, 'neque', '94094c1023eb8e38245da3b2bbf91c09e0afca31');
INSERT INTO `User` (`idUser`, `login`, `password`) VALUES (86, 'consectetur', '46a010e73e3f5e813f46db4f07a4c9f45ae38a4b');
INSERT INTO `User` (`idUser`, `login`, `password`) VALUES (87, 'modi', 'd998193d12db7525e764a347130241f65c4911d7');
INSERT INTO `User` (`idUser`, `login`, `password`) VALUES (88, 'dolor', '1927420d342762be415bdba71c16a96034466b90');
INSERT INTO `User` (`idUser`, `login`, `password`) VALUES (89, 'ad', '032d21ca61745e5d273fbf00fdc291d604ac844a');
INSERT INTO `User` (`idUser`, `login`, `password`) VALUES (90, 'asperiores', 'd1a65c5ff98b303ab2d668ce1b59d43c62bf4463');
INSERT INTO `User` (`idUser`, `login`, `password`) VALUES (91, 'rem', '9efc861e79cd5ad450ab638a4b1ca05184e838f0');
INSERT INTO `User` (`idUser`, `login`, `password`) VALUES (92, 'suscipit', 'fd9ea849a7b5e1bb395793a078a682afdbe43023');
INSERT INTO `User` (`idUser`, `login`, `password`) VALUES (93, 'minima', 'b1dc69f87a1a4f5a84f9d22fc8428b31c97fa26c');
INSERT INTO `User` (`idUser`, `login`, `password`) VALUES (94, 'eos', '4b6cd8a7540057a10003a2cb529be9fa8ee0bd6e');
INSERT INTO `User` (`idUser`, `login`, `password`) VALUES (95, 'voluptate', '641c411a1fad66945ebe44994854869fc497aea8');
INSERT INTO `User` (`idUser`, `login`, `password`) VALUES (96, 'corrupti', '9b7f5999d4c9ae14ddf69bef269be9c6e5f6e32a');
INSERT INTO `User` (`idUser`, `login`, `password`) VALUES (97, 'unde', '87eedaabe9640ca087853f35a5b4a621c956c4db');
INSERT INTO `User` (`idUser`, `login`, `password`) VALUES (98, 'esse', 'a308b645feb5e21dec5efd3f1f7b9b07f6f6d6f5');
INSERT INTO `User` (`idUser`, `login`, `password`) VALUES (99, 'excepturi', '827adca11f0e3721d2691ad8e1e81b25891db7db');
INSERT INTO `User` (`idUser`, `login`, `password`) VALUES (100, 'quae', 'df764d95a824bdebac517588269f451c1e69f31e');


#
# TABLE STRUCTURE FOR: games_has_Profile
#

DROP TABLE IF EXISTS `games_has_Profile`;

CREATE TABLE `games_has_Profile` (
  `idGames_has_Profile` int(11) NOT NULL AUTO_INCREMENT,
  `GamesId` int(11) NOT NULL,
  `ProfileId` int(11) NOT NULL,
  PRIMARY KEY (`idGames_has_Profile`)
) ENGINE=InnoDB AUTO_INCREMENT=101 DEFAULT CHARSET=utf8mb4 COLLATE=utf8mb4_unicode_ci;

INSERT INTO `games_has_Profile` (`idGames_has_Profile`, `GamesId`, `ProfileId`) VALUES (1, 59, 94);
INSERT INTO `games_has_Profile` (`idGames_has_Profile`, `GamesId`, `ProfileId`) VALUES (2, 16, 6);
INSERT INTO `games_has_Profile` (`idGames_has_Profile`, `GamesId`, `ProfileId`) VALUES (3, 5, 13);
INSERT INTO `games_has_Profile` (`idGames_has_Profile`, `GamesId`, `ProfileId`) VALUES (4, 53, 37);
INSERT INTO `games_has_Profile` (`idGames_has_Profile`, `GamesId`, `ProfileId`) VALUES (5, 99, 38);
INSERT INTO `games_has_Profile` (`idGames_has_Profile`, `GamesId`, `ProfileId`) VALUES (6, 76, 56);
INSERT INTO `games_has_Profile` (`idGames_has_Profile`, `GamesId`, `ProfileId`) VALUES (7, 45, 38);
INSERT INTO `games_has_Profile` (`idGames_has_Profile`, `GamesId`, `ProfileId`) VALUES (8, 7, 94);
INSERT INTO `games_has_Profile` (`idGames_has_Profile`, `GamesId`, `ProfileId`) VALUES (9, 88, 36);
INSERT INTO `games_has_Profile` (`idGames_has_Profile`, `GamesId`, `ProfileId`) VALUES (10, 20, 74);
INSERT INTO `games_has_Profile` (`idGames_has_Profile`, `GamesId`, `ProfileId`) VALUES (11, 10, 3);
INSERT INTO `games_has_Profile` (`idGames_has_Profile`, `GamesId`, `ProfileId`) VALUES (12, 47, 87);
INSERT INTO `games_has_Profile` (`idGames_has_Profile`, `GamesId`, `ProfileId`) VALUES (13, 62, 82);
INSERT INTO `games_has_Profile` (`idGames_has_Profile`, `GamesId`, `ProfileId`) VALUES (14, 95, 94);
INSERT INTO `games_has_Profile` (`idGames_has_Profile`, `GamesId`, `ProfileId`) VALUES (15, 59, 87);
INSERT INTO `games_has_Profile` (`idGames_has_Profile`, `GamesId`, `ProfileId`) VALUES (16, 5, 17);
INSERT INTO `games_has_Profile` (`idGames_has_Profile`, `GamesId`, `ProfileId`) VALUES (17, 80, 20);
INSERT INTO `games_has_Profile` (`idGames_has_Profile`, `GamesId`, `ProfileId`) VALUES (18, 23, 85);
INSERT INTO `games_has_Profile` (`idGames_has_Profile`, `GamesId`, `ProfileId`) VALUES (19, 32, 76);
INSERT INTO `games_has_Profile` (`idGames_has_Profile`, `GamesId`, `ProfileId`) VALUES (20, 22, 30);
INSERT INTO `games_has_Profile` (`idGames_has_Profile`, `GamesId`, `ProfileId`) VALUES (21, 13, 97);
INSERT INTO `games_has_Profile` (`idGames_has_Profile`, `GamesId`, `ProfileId`) VALUES (22, 86, 58);
INSERT INTO `games_has_Profile` (`idGames_has_Profile`, `GamesId`, `ProfileId`) VALUES (23, 35, 92);
INSERT INTO `games_has_Profile` (`idGames_has_Profile`, `GamesId`, `ProfileId`) VALUES (24, 51, 22);
INSERT INTO `games_has_Profile` (`idGames_has_Profile`, `GamesId`, `ProfileId`) VALUES (25, 28, 70);
INSERT INTO `games_has_Profile` (`idGames_has_Profile`, `GamesId`, `ProfileId`) VALUES (26, 95, 37);
INSERT INTO `games_has_Profile` (`idGames_has_Profile`, `GamesId`, `ProfileId`) VALUES (27, 73, 42);
INSERT INTO `games_has_Profile` (`idGames_has_Profile`, `GamesId`, `ProfileId`) VALUES (28, 23, 34);
INSERT INTO `games_has_Profile` (`idGames_has_Profile`, `GamesId`, `ProfileId`) VALUES (29, 23, 17);
INSERT INTO `games_has_Profile` (`idGames_has_Profile`, `GamesId`, `ProfileId`) VALUES (30, 28, 81);
INSERT INTO `games_has_Profile` (`idGames_has_Profile`, `GamesId`, `ProfileId`) VALUES (31, 3, 32);
INSERT INTO `games_has_Profile` (`idGames_has_Profile`, `GamesId`, `ProfileId`) VALUES (32, 98, 83);
INSERT INTO `games_has_Profile` (`idGames_has_Profile`, `GamesId`, `ProfileId`) VALUES (33, 51, 20);
INSERT INTO `games_has_Profile` (`idGames_has_Profile`, `GamesId`, `ProfileId`) VALUES (34, 67, 83);
INSERT INTO `games_has_Profile` (`idGames_has_Profile`, `GamesId`, `ProfileId`) VALUES (35, 95, 88);
INSERT INTO `games_has_Profile` (`idGames_has_Profile`, `GamesId`, `ProfileId`) VALUES (36, 13, 7);
INSERT INTO `games_has_Profile` (`idGames_has_Profile`, `GamesId`, `ProfileId`) VALUES (37, 85, 98);
INSERT INTO `games_has_Profile` (`idGames_has_Profile`, `GamesId`, `ProfileId`) VALUES (38, 65, 20);
INSERT INTO `games_has_Profile` (`idGames_has_Profile`, `GamesId`, `ProfileId`) VALUES (39, 90, 15);
INSERT INTO `games_has_Profile` (`idGames_has_Profile`, `GamesId`, `ProfileId`) VALUES (40, 42, 17);
INSERT INTO `games_has_Profile` (`idGames_has_Profile`, `GamesId`, `ProfileId`) VALUES (41, 85, 36);
INSERT INTO `games_has_Profile` (`idGames_has_Profile`, `GamesId`, `ProfileId`) VALUES (42, 54, 57);
INSERT INTO `games_has_Profile` (`idGames_has_Profile`, `GamesId`, `ProfileId`) VALUES (43, 78, 76);
INSERT INTO `games_has_Profile` (`idGames_has_Profile`, `GamesId`, `ProfileId`) VALUES (44, 91, 1);
INSERT INTO `games_has_Profile` (`idGames_has_Profile`, `GamesId`, `ProfileId`) VALUES (45, 93, 18);
INSERT INTO `games_has_Profile` (`idGames_has_Profile`, `GamesId`, `ProfileId`) VALUES (46, 81, 96);
INSERT INTO `games_has_Profile` (`idGames_has_Profile`, `GamesId`, `ProfileId`) VALUES (47, 49, 78);
INSERT INTO `games_has_Profile` (`idGames_has_Profile`, `GamesId`, `ProfileId`) VALUES (48, 78, 100);
INSERT INTO `games_has_Profile` (`idGames_has_Profile`, `GamesId`, `ProfileId`) VALUES (49, 97, 45);
INSERT INTO `games_has_Profile` (`idGames_has_Profile`, `GamesId`, `ProfileId`) VALUES (50, 82, 92);
INSERT INTO `games_has_Profile` (`idGames_has_Profile`, `GamesId`, `ProfileId`) VALUES (51, 33, 94);
INSERT INTO `games_has_Profile` (`idGames_has_Profile`, `GamesId`, `ProfileId`) VALUES (52, 99, 18);
INSERT INTO `games_has_Profile` (`idGames_has_Profile`, `GamesId`, `ProfileId`) VALUES (53, 92, 63);
INSERT INTO `games_has_Profile` (`idGames_has_Profile`, `GamesId`, `ProfileId`) VALUES (54, 37, 81);
INSERT INTO `games_has_Profile` (`idGames_has_Profile`, `GamesId`, `ProfileId`) VALUES (55, 78, 78);
INSERT INTO `games_has_Profile` (`idGames_has_Profile`, `GamesId`, `ProfileId`) VALUES (56, 98, 62);
INSERT INTO `games_has_Profile` (`idGames_has_Profile`, `GamesId`, `ProfileId`) VALUES (57, 14, 51);
INSERT INTO `games_has_Profile` (`idGames_has_Profile`, `GamesId`, `ProfileId`) VALUES (58, 18, 92);
INSERT INTO `games_has_Profile` (`idGames_has_Profile`, `GamesId`, `ProfileId`) VALUES (59, 27, 8);
INSERT INTO `games_has_Profile` (`idGames_has_Profile`, `GamesId`, `ProfileId`) VALUES (60, 92, 19);
INSERT INTO `games_has_Profile` (`idGames_has_Profile`, `GamesId`, `ProfileId`) VALUES (61, 26, 72);
INSERT INTO `games_has_Profile` (`idGames_has_Profile`, `GamesId`, `ProfileId`) VALUES (62, 15, 74);
INSERT INTO `games_has_Profile` (`idGames_has_Profile`, `GamesId`, `ProfileId`) VALUES (63, 50, 93);
INSERT INTO `games_has_Profile` (`idGames_has_Profile`, `GamesId`, `ProfileId`) VALUES (64, 74, 47);
INSERT INTO `games_has_Profile` (`idGames_has_Profile`, `GamesId`, `ProfileId`) VALUES (65, 37, 56);
INSERT INTO `games_has_Profile` (`idGames_has_Profile`, `GamesId`, `ProfileId`) VALUES (66, 38, 70);
INSERT INTO `games_has_Profile` (`idGames_has_Profile`, `GamesId`, `ProfileId`) VALUES (67, 49, 36);
INSERT INTO `games_has_Profile` (`idGames_has_Profile`, `GamesId`, `ProfileId`) VALUES (68, 87, 41);
INSERT INTO `games_has_Profile` (`idGames_has_Profile`, `GamesId`, `ProfileId`) VALUES (69, 98, 24);
INSERT INTO `games_has_Profile` (`idGames_has_Profile`, `GamesId`, `ProfileId`) VALUES (70, 21, 75);
INSERT INTO `games_has_Profile` (`idGames_has_Profile`, `GamesId`, `ProfileId`) VALUES (71, 1, 19);
INSERT INTO `games_has_Profile` (`idGames_has_Profile`, `GamesId`, `ProfileId`) VALUES (72, 37, 15);
INSERT INTO `games_has_Profile` (`idGames_has_Profile`, `GamesId`, `ProfileId`) VALUES (73, 70, 54);
INSERT INTO `games_has_Profile` (`idGames_has_Profile`, `GamesId`, `ProfileId`) VALUES (74, 6, 96);
INSERT INTO `games_has_Profile` (`idGames_has_Profile`, `GamesId`, `ProfileId`) VALUES (75, 61, 97);
INSERT INTO `games_has_Profile` (`idGames_has_Profile`, `GamesId`, `ProfileId`) VALUES (76, 15, 86);
INSERT INTO `games_has_Profile` (`idGames_has_Profile`, `GamesId`, `ProfileId`) VALUES (77, 69, 29);
INSERT INTO `games_has_Profile` (`idGames_has_Profile`, `GamesId`, `ProfileId`) VALUES (78, 60, 19);
INSERT INTO `games_has_Profile` (`idGames_has_Profile`, `GamesId`, `ProfileId`) VALUES (79, 21, 34);
INSERT INTO `games_has_Profile` (`idGames_has_Profile`, `GamesId`, `ProfileId`) VALUES (80, 65, 58);
INSERT INTO `games_has_Profile` (`idGames_has_Profile`, `GamesId`, `ProfileId`) VALUES (81, 89, 3);
INSERT INTO `games_has_Profile` (`idGames_has_Profile`, `GamesId`, `ProfileId`) VALUES (82, 27, 38);
INSERT INTO `games_has_Profile` (`idGames_has_Profile`, `GamesId`, `ProfileId`) VALUES (83, 39, 14);
INSERT INTO `games_has_Profile` (`idGames_has_Profile`, `GamesId`, `ProfileId`) VALUES (84, 78, 37);
INSERT INTO `games_has_Profile` (`idGames_has_Profile`, `GamesId`, `ProfileId`) VALUES (85, 37, 98);
INSERT INTO `games_has_Profile` (`idGames_has_Profile`, `GamesId`, `ProfileId`) VALUES (86, 12, 37);
INSERT INTO `games_has_Profile` (`idGames_has_Profile`, `GamesId`, `ProfileId`) VALUES (87, 17, 48);
INSERT INTO `games_has_Profile` (`idGames_has_Profile`, `GamesId`, `ProfileId`) VALUES (88, 52, 86);
INSERT INTO `games_has_Profile` (`idGames_has_Profile`, `GamesId`, `ProfileId`) VALUES (89, 1, 57);
INSERT INTO `games_has_Profile` (`idGames_has_Profile`, `GamesId`, `ProfileId`) VALUES (90, 81, 62);
INSERT INTO `games_has_Profile` (`idGames_has_Profile`, `GamesId`, `ProfileId`) VALUES (91, 54, 96);
INSERT INTO `games_has_Profile` (`idGames_has_Profile`, `GamesId`, `ProfileId`) VALUES (92, 48, 23);
INSERT INTO `games_has_Profile` (`idGames_has_Profile`, `GamesId`, `ProfileId`) VALUES (93, 25, 7);
INSERT INTO `games_has_Profile` (`idGames_has_Profile`, `GamesId`, `ProfileId`) VALUES (94, 41, 45);
INSERT INTO `games_has_Profile` (`idGames_has_Profile`, `GamesId`, `ProfileId`) VALUES (95, 41, 6);
INSERT INTO `games_has_Profile` (`idGames_has_Profile`, `GamesId`, `ProfileId`) VALUES (96, 3, 29);
INSERT INTO `games_has_Profile` (`idGames_has_Profile`, `GamesId`, `ProfileId`) VALUES (97, 9, 29);
INSERT INTO `games_has_Profile` (`idGames_has_Profile`, `GamesId`, `ProfileId`) VALUES (98, 66, 47);
INSERT INTO `games_has_Profile` (`idGames_has_Profile`, `GamesId`, `ProfileId`) VALUES (99, 42, 43);
INSERT INTO `games_has_Profile` (`idGames_has_Profile`, `GamesId`, `ProfileId`) VALUES (100, 83, 78);


